N.I.F.;Nombre 1;Nombre 2;VMA;;;;;
9001627125;ACCION SALUD S.A. IPS;;14258;;;;;
9000423024;ADVANCED MEDICAL LINE S.A.;;2000000312;;;;;
9008762698;UT ALVARO PEDRAZA MANTILLA COMPENSAR;;2000005478;;;;;
8300842079;ASOCIADOS EN REPRODUCCION HUMANA LTDA;;11844;;;;;
8999990253;SOCIEDAD NACIONAL DE LA CRUZ ROJA;;2000000311;;;;;
8301107594;BIO ALGA S.A.S;;12005;;;;;
9008800887;UT CARLOS EDUARDO HERNANDEZ  COMPENSAR;;2000005521;;;;;
9003525923;CARLOS EDUARDO RANGEL GALVIS S.A.S;;15928;;;;;
9008739874;UT CATALINA FORERO RONDEROS COMPENSAR;;2000005515;;;;;
9008739874;UT CATALINA FORERO RONDEROS COMPENSAR;;2000005515;;;;;
8300484778;CENTRO DE ANALISIS MOLECULAR LTDA;;11746;;;;;
8000854862;CLINICA PARTENON LTDA;;9220;;;;;
8002196952;CO-DEMCO LTDA;;6425;;;;;
8000660013;CENTRO MEDICO OFTALMOLOGICO Y;LABORATORIO CLINICO ANDRADE;9170;;;;;
8320031673;CLINICA UNIVERSIDAD DE LA SABANA;;12271;;;;;
8600703011;CRUZ ROJA COLOMBIANA SECCIONAL;;12519;;;;;
9008757419;UT DIANA ZORAYA QUIJANO GARCIA COMPENSAR;;2000009448;;;;;
8600506329;FUNDACION INSTITUTO DE REUMATOLOGIA;FERNANDO CHALEM;12496;;;;;
9004609484;ADMINISTRADORA NACIONAL DE PRESTADORES;DE SALUD S.A.S;6171;;;;;
9008762888;UT GUSTAVO ALBERTO CORREA COMPENSAR;;2000005477;;;;;
8301413942;INMUNOTECH LABORATORIES S.A.S;;12144;;;;;
8002226606;INSTITUTO DE REFERENCIA ANDINO S.A.;;9673;;;;;
8301172792;INSTITUTO DE TUMORES DE LA MUJER;;12044;;;;;
9008767144;UT JAIME ORLANDO ROJAS JAIMES COMPENSAR;;2000005520;;;;;
9008816501;UT JOSE ERNESTO ANDRADE PEREZ COMPENSAR;;2000005518;;;;;
8300021159;JUAN BAUTISTA SALUD OCUPACIONAL SAS;;11574;;;;;
9008753598;UT JUAN JOSE GARCIA MONTALVO COMPENSAR;;2000005517;;;;;
9008762509;UT JUAN LUIS ALMONACID COMPENSAR;;2000005516;;;;;
8000755431;LABORATORIO DE INVESTIGACION HORMONAL L;;9203;;;;;
9001970018;LABORATORIO DE REFERENCIA HEMOSTASIA;;2000007676;;;;;
8603504219;LABORATORIO INMUNO CLINICO S.A.S;;12537;;;;;
9008757544;UT LEONARDO IGNACIO TRUJILLO COMPENSAR;;2000023046;;;;;
9008762745;UT COMPENSAR LUZ STELLA HERRAN ROBLES;;2000023047;;;;;
8301427212;MEDICINA LABORAL S.A.S;;12148;;;;;
9003119218;GASTROPED & DERMATOSOLUCIONES LTDA;;15581;;;;;
9002820344;ORTHORICH LABORATORIO DENTAL LTDA;;6160;;;;;
9008816350;PEDRO FELIPE ROA VESGA UT COMPENSAR;;2000005519;;;;;
8301058213;SOCIEDAD PRISMA DENTAL LTDA;;6169;;;;;
8300701442;PROHORMONAS EU;;2000000314;;;;;
8300154292;SALUD OCUPACIONAL SANITAS;;11630;;;;;
8300415656;SERVICIO DE ATENCION ODONTOLOGICA SAS;;11733;;;;;
8300355723;SORAMA LTDA;;11721;;;;;
8001210359;CONSULTORIO DE RADIOLOGIA ORAL COUN;;9300;;;;;
8600724176;UNIDAD MEDICA DIAGNOSTICA ESPINOSA GOMEZ;;12522;;;;;
9002736891;DENTAL DIAGNOSTIC RX EL BOSQUE EU;;15262;;;;;
8002421972;CLINICA SANTA ANA LTDA;;9754;;;;;
8999991513;E.S.E. HOSPITAL SAN RAFAEL DE FACATATIVA;;13240;;;;;
8002169580;ASISTIR SALUD SAS;;39791;;;;;
8001672281;CENTRO DE ESPECILISTAS EN UROLOGIA S.A.;;9450;;;;;
9001999802;INVERSIONES GUIO DIB S.A;;14560;;;;;
9003162933;INVERSIONES ALVEL S.A.S;;15626;;;;;
8120031918;PHARMACY MANAGEMENT IPS S.A.S;;2000000309;;;;;
9004253369;SOMNOMEDICA CLINICA ESPECIALIAZADA EN;MEDICINA DEL SUENO S.A.S;16558;;;;;
8600379502;FUNDACION SANTAFE DE BOGOTA;;12464;;;;;
8300348651;ENTORNO Y COMPANiA LTDA;;11720;;;;;
9002910184;CLINICA LOS NOGALES S.A.S;;15381;;;;;
9006935442;LABORAL HEALTH SAS;;18443;;;;;
8300614211;LABORATORIO DE GENETICA Y BIOLOGIA;MOLECULAR LTDA;11767;;;;;
9003547841;EMDIAGNOSTICA SAS;;15948;;;;;
9001759024;GENETIX SAS;;14372;;;;;
9003122895;FUNDACION BANCO NACIONAL DE SANGRE;;2000000308;;;;;
9006532906;RADIOLOGIA ORAL ELIPSE SAS;;18261;;;;;
9002283049;INSTITUCION PRESTADORA DE SERVICIOS DE;SALUD S.A.S;14842;;;;;
8901015534;JANSSEN CILAG SA;;2000007014;;;;;
8300140611;SANOFI PASTEUR SA;;2000006634;;;;;
8001006104;ADIUM SAS;;5021;;;;;
8300557581;MEDIHUMANA COLOMBIA  S.A;;1000000264;;;;;
8600137795;ASOCIACION PROFAMILIA;;12412;;;;;
8903002920;LABORATORIOS BAXTER S.A.;;1000000253;;;;;
8001338071;MEGALABS COLOMBIA SAS;;2000005996;;;;;
8002517608;BIOTOSCANA FARMA SA;;1000000847;;;;;
8901018159;JOHNSON & JOHNSON DE COLOMBIA SA;;2000007015;;;;;
8300537550;MEDINISTROS S.A.S;;2000006690;;;;;
8300252812;ANNAR DIAGNOSTICA IMPORT S.A.S;;1000000039;;;;;
8903174179;GILMEDICA S.A.S;;2000007098;;;;;
8300916769;MEDIREX BIC SAS;;2000006734;;;;;
8301098060;SYNTHES COLOMBIA S.A. SYNTHES S.A.;;2000006752;;;;;
8300351018;OSEOMED S.A.S;;2000006667;;;;;
8002503822;AMAREY NOVA MEDICAL S.A;;2000006174;;;;;
8050170741;MEDICAL SOLUTIONS LTDA;;2000006255;;;;;
9002851948;FARMACIA INSTITUCIONAL S.A.S;;2000007771;;;;;
8301355611;OVC S.A.S;;12119;;;;;
8000776351;LM INSTRUMENTS S.A.;;1000000256;;;;;
8600310289;SIEMENS S.A.;;39850;;;;;
8600021348;ABBOTT LABORATORIES DE COLOMBIA SAS;;2000006873;;;;;
8305001639;TECH BIONICA S.A.;;2000006795;;;;;
8300238195;LOGISTICA PARA DISPOSITIVOS MEDICOS SAS;;2000006655;;;;;
8605298900;DISORTHO SA;;2000006994;;;;;
8001211515;COMPAÑIA DE REPRESENTACIONES MEDICAS SA;;2000005978;;;;;
8001740435;ORTOMAC LTDA;;2000006047;;;;;
8300701926;UCIPHARMA SA;;2000006707;;;;;
8600700783;IMCOLMEDICA S.A;;2000006963;;;;;
8600443494;G BARCO SA;;2000006943;;;;;
8002123331;EQUILUM LTDA;;2000006118;;;;;
8110194997;R P MEDICAS S.A.;;2000006363;;;;;
8300285724;INTERFISICA LTDA;;2000006660;;;;;
8300793758;PROASECAL SAS;;1000000849;;;;;
8301353876;COMERCIALIZADORA INTERNACIONAL;;2000006778;;;;;
8600669427;COMPENSAR COMFENALCO VALLE-CV;;12515;;;;;
8600400943;OXIGENOS DE COLOMBIA LTDA;;2000005008;;;;;
8001901409;OXIMERC EQUIPOS MEDICOS SAS;;2000005009;;;;;
8600248626;QUIRURGICOS LTDA;;2000006919;;;;;
8600137043;GASES INDUSTRIALES DE COLOMBIA SA;;12411;;;;;
8300145880;BRILLO INSTITUCIONAL S.A.S;;5022;;;;;
8000613577;IMPLANTES Y SISTEMAS ORTOPEDICOS SAS;;2000005933;;;;;
8600051144;MESSER COLOMBIA SA;;12380;;;;;
8001624253;RADPROCT LTDA;;2000006034;;;;;
8300753971;FISULAB CENTRO DE REHABILITACION PA;;11799;;;;;
8300761251;GRUNENTHAL COLOMBIANA S.A;;5030;;;;;
8600000182;AGENCIA DE VIAJES Y TURISMO AVIATUR SAS;;2000006871;;;;;
8002469532;FONDO FINANCIERO DISTRITAL DE SALUD;;1000000006;;;;;
8903030935;COMFENALCO VALLE;;39804;;;;;
8999990619;ALCALDIA MAYOR DE BOGOTA;;1000000008;;;;;
8600137201;PONTIFICIA UNIVERSIDAD JAVERIANA;;2000006897;;;;;
9003108254;INVERSIONES MAGEN S.A.S;;2000007786;;;;;
9006050912;COMFENALCO VALLE IPS SAS COMFENALCO;VALLE IPS S.A.S;2000007919;;;;;
8300473127;MEDTRONIC LATIN AMERICA INC SUCURSA;;2000006685;;;;;
9003992115;LABCO NOUS COLOMBIA LTDA;;16325;;;;;
8001322109;QUALITAS BIOQUIMICOS LTDA.;;9349;;;;;
8300048922;TECNICA ELECTROMEDICA S.A.;;2000006610;;;;;
8300760348;ORL BOSQUE LTDA.;;11800;;;;;
8301410844;ECODIAGNOSTICO EL BOSQUE LTDA;;12143;;;;;
8305136793;FUNDACION COMEDIC;;2000000735;;;;;
9002693384;CONSORCIO SERVICIOS IMAGENOLOGICOS;EL BOSQUE;2000000743;;;;;
9005309342;NEUROVITAL CARE SAS;;17402;;;;;
9007328040;IXCHEL SAS;;2000000737;;;;;
9007789545;NEUROBOSQUE SAS;;2000000738;;;;;
8000251997;MEDISHI LTDA;;9070;;;;;
8001493846;CLINICA COLSANITAS S.A;;9392;;;;;
9000740596;GENETICA HUMANA E.U.;;13651;;;;;
9002376691;VID MEDICA SAS;;2000007719;;;;;
8300137313;SOPORTE VITAL SA.;;1000000348;;;;;
9007269352;CENTRO DE ENFERMEDADES HEPÁTICAS Y;DIGESTIVAS SAS;5019;;;;;
9008942891;FELIPE BERNAL SAS;;2000000739;;;;;
8300032628;DISTRIBUCIONES BYF MEDICAL LTDA;;2000006606;;;;;
8002113650;MINERVA MEDICAL;;2000006113;;;;;
9003221954;IPS CENTRO ESPECIALIZADO EN ENFERMEDADES;PULMONARES S. A. S.;15670;;;;;
8300753932;ORTHO WAVE COLOMBIA LIMITADA OWC LI;;11798;;;;;
8999990260;CAPRECOM EPS;;13228;;;;;
8050004271;COOMEVA ENTIDAD PROMOTORA DE SALUD;;10180;;;;;
8300097830;CRUZ BLANCA EPS  S.A.;;39040;;;;;
8300035647;ENTIDAD PROMOTORA DE SALUD;;1000000421;;;;;
8300073552;FRESENIUS MEDICAL CARE COLOMBIA LIM;;11588;;;;;
8002514406;ENTIDAD PROMOTORA DE SALUD;MEDIDA DE TOMA DE POSESION;9789;;;;;
8605036173;SEGUROS ALFA S.A;;39110;;;;;
8002561619;SEGUROS DE RIESGOS LABORALES;;39125;;;;;
8002501191;SALUDCOOP EPS;;2000006173;;;;;
8300582925;UROBOSQUE S.A;;11763;;;;;
8600661912;MEDICOS ASOCIADOS IPS;;12507;;;;;
8000061506;EMCO SALUD IPS;;9031;;;;;
8909008426;CAJA COMPENSACION COMFENALCO ANTIOQUIA;;2000007196;;;;;
8911800082;COMFAMILIAR HUILA;;39807;;;;;
8600135703;CAJA DE COMPENSACION FAMILIAR;;39801;;;;;
8910800051;COMFACOR;;39806;;;;;
8001475789;COMPUFACIL SAS;;39352;;;;;
8001502230;PRIMATELA SAS;;39353;;;;;
8300455837;GRUPO SIS SA;;39406;;;;;
8300694991;CONSORCIO NACIONAL DE MEDIOS SAS;;39433;;;;;
8301223001;COOPERATIVA DE TRABAJO ASOCIADO;;39484;;;;;
9001918560;CONSTRUCTORA BOGOTA FASE III SA;;39649;;;;;
9005883431;UNION TEMPORAL CRUZ ROJA;;39736;;;;;
8301138492;CLINICA JUAN N. CORPAS LTDA.;;2000006758;;;;;
8110040555;EMPRESA MUTUAL PARA EL DESARROLLO;;39787;;;;;
8600073361;CAJA COLOMBIANA DE SUBSIDIO FAMILIAR;COLSUBSIDIO;39789;;;;;
8140003371;ASOCIACION MUTUAL EMPRESA SOLIDARIA DE S;;39795;;;;;
8300179697;UNIDAD MEDICA SANTAFE S.A.S.;;39797;;;;;
8904801101;CAJA DE COMPENSACION FAMILIAR DE;CARTAGENA;39805;;;;;
8918002138;CAJA DE COMPENSACION FAMILIAR BOYACA;;39810;;;;;
9002109816;CORPORACION HOSPITALARIA JUAN CIUDAD;;39817;;;;;
9006314882;UNIDAD DE SERVICIOS MEDICOS;;18166;;;;;
9006125310;OPERADOR CLINICO HOSPIT. POR OUTSOURCING;;18056;;;;;
8050112620;R T S .S.A.S.;;10250;;;;;
9002720001;CENTRO DE EXCELENCIA MEDICA DEL VALLE DE;ABURRA SAS;2000007755;;;;;
8600138747;INSTITUTO DE ORTOPEDIA INFANTIL;ROOSEVELT;12434;;;;;
9003880698;GOMEZ ASOCIADOS SALUD OCUPACIONAL;;16242;;;;;
8600537614;CLINICA DE OJOS (CLINOJOS) S.A;;12500;;;;;
8000823941;HOSPIMPORT S.A;;1000000592;;;;;
9000533544;HORIZONTES ABA TERAPIA INTEGRAL LIMITADA;;13541;;;;;
8600158889;HOSPITAL UNIVERSITARIO CLINICA;;12437;;;;;
8301388025;FUNDACION SALUD BOSQUE;;12130;;;;;
8002270728;EUSALUD SA;;9701;;;;;
8002270728;EUSALUD SA;;9701;;;;;
9002637405;UNIPSALUD 2000 GUADUAS IPS LTDA;;15167;;;;;
8600432112;LIGA CONTRA EL CANCER SECCIONAL BTA;CAJASAN;12479;;;;;
9003489375;CENTRO EXCELENCIA DE CUIDADOS EN SALUD;DE SERVICIOS DE SALUD SAS;15890;;;;;
9002939234;IPS ESPECIALIZADA SA;;15421;;;;;
8300183051;FUNDACION JAVERIANA DE SERVICIOS MEDICO;MARQUEZ VILLEGAS;11646;;;;;
8000277046;CENTRO COLOMB DE FERTILIDAD Y ESTERILI;;9077;;;;;
8300050281;ADMINISTRADORA COUNTRY SAS;;11582;;;;;
8600066569;FUNDACION ABOOD SHAIO;;12388;;;;;
8600359922;FUNDACION CARDIO INFANTIL;;12462;;;;;
9002478223;REHAB-INTEG-INFANTIL ESPECIALIZADA;;15025;;;;;
9002820390;VITAL HEALTH;;15347;;;;;
8905008935;LIGA NORTE SANT-LUCHA CONTRA CANCER;;12752;;;;;
9003012382;BOSTON MEDICAL CARE SAS IPS;;15487;;;;;
8902125680;FUNDAC CARDIOVASCULAR DE COLOMBIA;;12678;;;;;
8001768683;INSTITUTO CALDENSE DE PATOLOGIA ICP S.A;;9480;;;;;
9005781050;CORPORACION SALUD UN;;17783;;;;;
8001494994;PREVIMEDIC S.A.;;9404;;;;;
8130054313;SOCIEDAD CLINICA EMCOSALUD S.A.;;10895;;;;;
9001091350;LASER COLOMBIA SA;;13847;;;;;
8002506343;MEDICINA INTEGRAL S.A.;;9787;;;;;
8300232021;COSMITET LTDA.;;11657;;;;;
8000500686;FUNDACION MEDICA PREVENTIVA;;2000005927;;;;;
9004647880;SOMED SAS;;2000000742;;;;;
8000001182;E S E  HOSPITAL UNIVERSITARIO SAN JUAN D;;9017;;;;;
8000037651;VIRREY SOLIS I P S S A;;9024;;;;;
8000048084;CLINICA SANTA CLARA LTDA;;9028;;;;;
8000065096;COUNTRY SCAN LTDA;;9034;;;;;
8000066023;CLINICA AVELLANEDA HERNANDEZ S A S;;9036;;;;;
8000068503;E S E  HOSPITAL MARIO GAITAN YANGUAS;;9040;;;;;
8000081282;A SANCHEZ RADIOLOGOS SAS;;9043;;;;;
8000082401;UNIDAD OFTALMOLOGICA DE CARTAGENA S.A.S;;9044;;;;;
8000088661;SOCIEDAD MIEL LTDA;;9045;;;;;
8000121897;CLINICA SAN JOSE DE CUCUTA S A;;9048;;;;;
8000123238;INSTITUTO DEL SISTEMA NERVIOSO DEL ORIEN;;9049;;;;;
8000144052;ESE HOSPITAL SANTA ISABEL;;9050;;;;;
8000148847;ESE HOSPITAL HeCTOR ABAD GoMEZ;;9051;;;;;
8000149189;E S E  HOSPITAL ERASMO MEOZ;;9052;;;;;
8000172185;ASSO LTDA ASESORIAS Y SERVICIOS EN SALUD;SALUD OCUPACIONAL;9057;;;;;
8000173081;CLINICA LA SABANA S.A.;;9058;;;;;
8000182330;SERVICIOS ODONTOMEDICOS DEL CARIBE LTDA;LTDA;9059;;;;;
8000193784;CARLOS ALFREDO PERILLA BORDA Y COMPANIA;;9060;;;;;
8000218918;MARIA TERESA GALIANO SERVIMED SAS;;9064;;;;;
8000243903;DIME CLINICA NEUROCARDIOVASCULAR S A;A;9067;;;;;
8000247447;UNIDAD DE CIRUGIA DEL TOLIMA;;9068;;;;;
8000252211;E S E  HOSPITAL SAN ISIDRO;;9072;;;;;
8000254676;CLINICA DE ESPECIALISTAS LA DORADA S A;S A;9073;;;;;
8000261730;HOSPITAL HELI MORENO BLANCO E S E;;9075;;;;;
8000283324;ENFETER SA;;9078;;;;;
8000287144;RED COLOMBIANA DE MEDICINA GENETICA;;9079;;;;;
8000309240;HOSPITAL LA BUENA ESPERANZA ESE;;9083;;;;;
8000317249;ESE HOSPITAL SANTO DOMINGO;;9085;;;;;
8000324184;RESONANCIA MAGNETICA DE COLOMBIA LTDA;DA;9087;;;;;
8000329794;WIDEX COLOMBIA LTDA.;;9088;;;;;
8000364000;CLINICA IBAGUE S.A.;;9105;;;;;
8000370217;E S E  HOSPITAL DEPARTAMENTAL DE GRANADA;;9107;;;;;
8000372023;E S E  HOSPITAL  I NIVEL GUAMAL;;9108;;;;;
8000379797;E S E  HOSPITAL DE PUERTO LOPEZ EMPRESA;;9112;;;;;
8000380243;UNIDAD CLINICA LA MAGDALENA SAS;;9113;;;;;
8000444029;INVERSIONES MEDICAS DE ANTIOQUIA SA;;9120;;;;;
8000449678;ASSBASALUD ESE;;9121;;;;;
8000477201;ANTHIROS CENTRO DE DESARROLLO INFANTIL L;TIL LTDA;9125;;;;;
8000488804;LITOMEDICA S.A.;;9128;;;;;
8000489540;CLINICA VERSALLES S A;;9129;;;;;
8000542999;ASOCIACION COLOMBIANA DE PADRES CON;;9139;;;;;
8000573256;UNIDAD MAMOGRAFICA DEL COUNTRY LTDA;;9142;;;;;
8000580161;E.S.E. METROSALUD;;9144;;;;;
8000616224;CENTRO DE RAYOS X Y ECOGRAFIA LTDA;;9151;;;;;
8000617659;ESE HOSPITAL NUESTRA SENORA DEL PERPETUO;PETUO SOCORRO;9152;;;;;
8000645434;HOSPITAL INTEGRADO SABANA DE TORRES SANT;;9154;;;;;
8000653955;EMPRESA SOCIAL DEL ESTADO HOSPITAL TOBIA;TOBIAS PUERTA;9155;;;;;
8000675151;CLINICA LA MILAGROSA S A;;9185;;;;;
8000676056;CENTRO CARDIOLOGICO DE BOGOTA LTDA;;9186;;;;;
8000679082;RADIOTERAPIA ONCOLOGIA MARLY S A;;9187;;;;;
8000741126;CLINICA ZAYMA LTDA;;9196;;;;;
8000749961;CLINICA DE CIRUGIA OCULAR LTDA;;9201;;;;;
8000756501;ESE HOSPITAL SANTO TOMAS;;9206;;;;;
8000776421;AUDIOEQUIPOS SAS;;9208;;;;;
8000805868;ESE HOSPITAL SAN JUAN DE DIOS;;9209;;;;;
8000824464;INSTITUTO DEL SISTEMA NERVIOSO DE RISARA;ISARALDA S A S;9213;;;;;
8000842062;EMPRESA SOCIAL DEL ESTADO INSTITUTO;DE SALUD DE BUCARAMANGA;9216;;;;;
8000843623;E S E  HOSPITAL CIVIL DE IPIALES;;9217;;;;;
8000858833;LABORATORIO DE ORTESIS Y PROTESIS GILETE;;9221;;;;;
8000893640;INSTITUTO DE CORNEA S A S;;9229;;;;;
8000907494;CLINICA PIEDECUESTA S.A.;;9231;;;;;
8000996521;CLINICA LA CAROLINA S A;;9256;;;;;
8000998605;E.S.E HOSPITAL SAN RAFAEL;;9259;;;;;
8001010228;E.S.E. HOSP. NUESTRA SEÑORA DEL PILAR-BA;;9262;;;;;
8001017289;RADIOLOGOS ESPECIALIZADOS DE BUCARAMANGA;MANGA S A;9264;;;;;
8001124149;CENTRO MEDICO ANGEL LIMITADA;;9281;;;;;
8001133865;CARDIOLOGICAS LTDA;;9285;;;;;
8001142861;ESE HOSPITAL SAN CAMILO DE LELIS;;9287;;;;;
8001167198;HOSPITAL ESPECIALIZADO GRANJA INTEGRAL E;RAL E S E LERIDA TOLIMA;9290;;;;;
8001195740;SOCIEDAD DE SERVICIOS OCULARES LTDA;;9295;;;;;
8001199451;HOSPITAL SAN ROQUE ESE;;9298;;;;;
8001231062;ESE HOSPITAL VENANCIO DIAZ DIAZ;;9304;;;;;
8001235721;CLINICA CHINITA S A;;9306;;;;;
8001252765;ESE HOSPITAL NUESTRA SENORA DE LOS REMED;REMEDIOS;9309;;;;;
8001256972;E.S.E. HOSP. NELSON RESTREPO MARTINEZ;;9310;;;;;
8001276480;HORUS GRUPO OFTALMOLOGICO S A;;9319;;;;;
8001297012;FUNDACION OFTALMOLOGIA DEL CARIBE SANT;SANTA MARTA;9320;;;;;
8001297993;UNIDAD CARDIOFETAL LTDA;;9321;;;;;
8001298565;CLINICA DE LA COSTA LTDA;;9322;;;;;
8001300278;CENTRO MEDICO Y ODONTOLOGICO ORALSER S A;R S A;9323;;;;;
8001304801;CENTRO DE MEDICINA NUCLEAR DEL TOLIMA LT;MA LTDA;9324;;;;;
8001306252;ESE HOSPITAL SAN CRISTOBAL DE CIENAGA;GA;9325;;;;;
8001326742;LABORATORIO CLINICO CONTINENTAL;;9350;;;;;
8001331517;LABOPAT SAS Y/O LABOPAT LABORATORIO CLIN;CLINICO PATOLOGIA Y CITOLOGIA SAS;9352;;;;;
8001338879;ESE HOSPITAL SAN FRANCISCO DE ASIS;;9355;;;;;
8001343399;E S E  HOSPITAL SAN VICENTE DE PAUL DE S;;9357;;;;;
8001355827;FUNDACION ALEJANDRO LONDONO;;9358;;;;;
8001380117;ESE HOSPITAL LA MISERICORDIA;;9361;;;;;
8001383111;EMPRESA SOCIAL DEL ESTADO HOSPITAL NUEST;NUESTRA SENORA DEL CARMEN;9363;;;;;
8001383928;HURTADO CARRILLO LIMITADA HUCAR LTDA;A;9364;;;;;
8001394447;CLINICA OFTALMOLOGICA INTEGRAL COI LTDA;LTDA;9368;;;;;
8001424091;ESCANOGRAFIA BOCAGRANDE LTDA;;9377;;;;;
8001464675;ORTOPEDISTAS LAS VEGAS S.A.S.;;9383;;;;;
8001490264;INSTITUTO DE CANCEROLOGIA;;9389;;;;;
8001491699;IPS CLINICA JOSE A RIVAS S A;;9390;;;;;
8001494536;CPO SA;;9402;;;;;
8001504971;HOSPITAL FRANCISCO CANOSSA;;9410;;;;;
8001520390;CLINICA HONDA LTDA;;9413;;;;;
8001529703;E S E  HOSPITAL DE MIRAFLORES;;9416;;;;;
8001534635;CLINICA REVIVIR SA;;9418;;;;;
8001534889;CENTRO DE ENFERMEDADES MAMARIAS;;9419;;;;;
8001543473;HOSPITAL LA CANDELARIA;;9420;;;;;
8001548791;FUNDACION INTEGRAL PARA LA SALUD Y LA ED;LA EDUCACION COMUNITARIA DEL MAGISTERIO;9422;;;;;
8001564692;IMAGENES DIAGNOSTICAS DEL LLANO;;9425;;;;;
8001580230;JG Y COMPANiA LIMITADA;;9427;;;;;
8001604000;HOSPITAL SANTA MARGARITA ESE;;9431;;;;;
8001608271;CLINICA RETORNAR;;9432;;;;;
8001616871;UNIDAD DE GASTROENTEROLOGIA Y ENDOSCOPIA;;9434;;;;;
8001620354;SERVICIOS MEDICOS INTEGRALES DE SALUD LT;;9435;;;;;
8001635191;HOSPITAL SAN JUAN DE DIOS;;9438;;;;;
8001651632;ODONTOCUCUTA S.A;;9444;;;;;
8001669055;NUCLEODIAGNOSTICO LTDA;;9449;;;;;
8001681564;CF CENTRO DE FRACTURAS S A;;9453;;;;;
8001687223;LA OPTICA LIMITADA SEDE IMBANACO;;9454;;;;;
8001694334;SOCIEDAD DE SERVICIOS OFTALMOLOGICOS S A;S S A;9456;;;;;
8001706626;I P S CLINICA DIVINO NINO;;9459;;;;;
8001709154;CENTRO DE NEUROREABILITACION SURGIR;;9461;;;;;
8001741236;ESE HOSPITAL DE SANTO TOMAS;;9468;;;;;
8001743755;HOSPITAL SAN VICENTE DE PAUL DE FOM;;9470;;;;;
8001748511;SOCIEDAD MEDICO QUIRURGICA NUESTRA;;9472;;;;;
8001749951;EMPRESA SOCIAL DEL ESTADO BELLO SALUD;UD;9475;;;;;
8001758395;ASOCIACION ACONIÑO;;9476;;;;;
8001768991;ESE HOSPITAL GILBERTO MEJIA MEJIA;;9482;;;;;
8001798702;HOSPITAL SAN ANDRES E S E;;9489;;;;;
8001799660;CLINICA REINA CATALINA SAS;;9490;;;;;
8001804061;REGAMA DEL CARIBE LTDA;;9496;;;;;
8001805534;FUNDACION NEUMOLOGICA COLOMBIANA;;9497;;;;;
8001808546;AMERICAN ORTHOPEDIC LOZANO Y CIA SAS;S;9498;;;;;
8001821365;HOSPITAL PRIMER NIVEL DE ATENCION SAN AN;;9501;;;;;
8001839437;CLINICA SANTA MARIA LTDA;;9504;;;;;
8001854499;DIACOR S A  - INSTITUTO DEL CORAZON DE I;;9509;;;;;
8001869011;NEUROFIC LTDA CENTRO NEUROFISIOLOGICA CL;CA CLINICA;9527;;;;;
8001899846;IMaGENES DIAGNOSTICAS S A;;9537;;;;;
8001908841;CLINICA ANTIOQUIA S A;;9540;;;;;
8001911016;ESE HOSPITAL SAN VICENTE DE PAUL;;9541;;;;;
8001916436;E.S.E. HOSPITAL REGIONAL SAN MARCOS II N;;9543;;;;;
8001919161;CLINICA SAN FRANCISCO S.A.;;9545;;;;;
8001934905;HOSPITAL SANTA ANA NIVEL I DEL MUNICIPIO;CIPIO DE FALAN;9549;;;;;
8001938012;CENTRO OFTALMOLOGICO SURCOLOMBIANO LTDA;LTDA;9554;;;;;
8001939042;E S E HOSPITAL JUAN PABLO II ARATOCA;CA;9556;;;;;
8001939121;ESE HOSPITAL SAN RAFAEL DE CHINU;;9557;;;;;
8001939898;CENTRO DIAGNOSTICO DE ESPECIALISTAS CEDE;;9558;;;;;
8001943284;E.S.E.SAN BARTOLOME;;9559;;;;;
8001946271;ESE HOSPITAL SAN JOSE DE BELALCAZAR;;9560;;;;;
8001946716;CLINICA ORIENTE S A S;;9561;;;;;
8001964339;HOSPITAL SIMON BOLIVAR III NIVEL E S E;S E;9565;;;;;
8001969393;HOSPITAL OCCIDENTE DE KENNEDY III NIVEL;IVEL EMPRESA SOCIAL DEL ESTADO;9568;;;;;
8001971772;HOSPITAL LA VICTORIA III NIVEL E S E;E;9570;;;;;
8001972179;CLINICA DE ESPECIALISTAS MARIA AUXILIADO;;9571;;;;;
8001976014;ANGIOGRAFIA DE OCCIDENTE S A;;9573;;;;;
8001981745;MEDISERVICIOS S A;;9579;;;;;
8001993975;FISIOTER LIMITADA;;9580;;;;;
8001999761;GERMAN PABLO SANDOVAL AUDIOFON S.A.S.;;9581;;;;;
8002007892;CLINICA CHIA S A;;9586;;;;;
8002010187;CLINICA VASCULAR DE BOGOTA;;9588;;;;;
8002011977;EMPRESA SOCIAL DEL ESTADO HOSPITAL;;9589;;;;;
8002017263;FUNDACION POLICLINICA CIENAGA;;9594;;;;;
8002021781;FISIOTERAPIA Y SALUD;;9595;;;;;
8002041537;E S E HOSPITAL SAN VICENTE DE PAUL DE L;DE LORICA;9599;;;;;
8002044975;HOSPITAL SAN JOSE GUACHETA;;9601;;;;;
8002055978;ENFERMERAS SERVICIOS INTEGRALES SAS;;9605;;;;;
8002078971;UNIDAD DERMATOLOGICA DE FOTOTERAPIA;;9610;;;;;
8002094881;HOSPITAL EL TUNAL E.S.E.;;9612;;;;;
8002097102;HOSPITAL BOSA II NIVEL E S E;;9613;;;;;
8002098917;ASOTRAUMA LTDA.;;9615;;;;;
8002103751;PROCARDIO SERVICIOS MEDICOS INTEGRALES L;;9618;;;;;
8002120708;ESE HOSPITAL SAN JUAN DE DIOS DE BETULIA;TULIA;9622;;;;;
8002124227;CHRISTUS SINERGIA SALUD S.A.;;9624;;;;;
8002139421;ESE HOSPITAL SANTA CRUZ DE URAMITA;;9630;;;;;
8002142309;MEDIAGNOSTICA TECMEDI S.A.S;;9631;;;;;
8002157431;SED SAS;;9633;;;;;
8002157581;CLINICA SANTA CRUZ DE LA LOMA;;9634;;;;;
8002159088;ESTUDIOS E INVERSIONES MEDICAS SA;;9635;;;;;
8002163037;HOSPITAL SAN BLAS II NIVEL E S E;;9644;;;;;
8002164730;HOSPITAL DE USAQUEN I NIVEL EMPRESA SOCI;SOCIAL DEL ESTADO;9645;;;;;
8002165380;ESE SAN CRISTOBAL;;9646;;;;;
8002168837;HOSPITAL DE SUBA E.S.E.;;9649;;;;;
8002171984;ONCOMEDIC LTDA;;9653;;;;;
8002172484;CENTRO DE ENDOCRINOLOGIA Y;;9654;;;;;
8002176416;HOSPITAL NAZARETH I NIVEL ESE;;9655;;;;;
8002180246;CARDIODIAGNOSTICO S A;;9656;;;;;
8002189794;ESE HOSPITAL SAN VICENTE DE ARAUCA;;9660;;;;;
8002191921;CENTTRO MEDICO DE ESPECIALISTAS S A;;9662;;;;;
8002195320;REHABILITAMOS LTDA;;9663;;;;;
8002196003;HOSPITAL PABLO VI BOSA I NIVEL E S E;E;9664;;;;;
8002200117;HOSPITAL MEISSEN II NIVEL ESE;;9667;;;;;
8002227270;QUIROFANO CASALUD SAS;;9674;;;;;
8002238764;FUNDACION CENTRO DE INVESTIGACION E INFO;INFORMACION EN DEFICIENCIAS AUDITIVAS;9685;;;;;
8002244662;BIONUCLEAR LTDA;;9689;;;;;
8002250578;"DIAGNOSTICO Y ASISTENCIA MEDICA S.A. ""DI";;9691;;;;;
8002278771;EMPRESA SOCIAL DEL ESTADO HOSPITAL FRANC;FRANCISCO LUIS JIMENEZ MARTINEZ;9704;;;;;
8002282159;CENTRO DE ALTA TECNOLOGIA DIAGNOSTICA DE;;9705;;;;;
8002287737;COOPERATIVA DE TRABAJO ASOCIADO DE PROFE;;9710;;;;;
8002300284;CLINICA OFTALMOLOGICA QUINDIO S.A.;;9715;;;;;
8002312151;E.S.E.HOSPITAL DEL SARARE SAN RICARDO PA;;9722;;;;;
8002312357;EMPRESA SOCIAL DEL ESTADO HOSPITAL UNIVE;UNIVERSITARIO SAN JORGE;9723;;;;;
8002320591;INSTITUTO DE NEUROCIENCIAS CLINICA DEL S;DEL SOL LIMITADA;9727;;;;;
8002327882;SOCIEDAD MEDICA VIDA S A S;;9729;;;;;
8002347960;INSTITUTO DE FRACTURAS LTDA;;9737;;;;;
8002413397;INSTITUTO NACIONAL DEL RINON LTDA;;9751;;;;;
8002435923;NEUROLOGOS CLINICOS ASOCIADOS CIA LTDA;LTDA;9759;;;;;
8002442876;T Y C INVERSIONES S.A.S;;9760;;;;;
8002451492;UNIDAD MEDICA DE REHABILITACIoN INTEGRAL;EGRAL UMRI SAS;9764;;;;;
8002473506;EMPRESA SOCIAL DEL ESTADO CENTRO DERMATO;RMATOLOGICO FEDERICO LLERAS ACOSTA;9768;;;;;
8002475376;CLINICA VASCULAR NAVARRA SA;;9769;;;;;
8002482763;HOSPITAL VISTA HERMOSA I NIVEL E S E;E;9772;;;;;
8002531679;HOSPITAL UNIVERSITARIO;;9803;;;;;
8002541326;MEDICADIZ SA;;9807;;;;;
8002548506;E S E  HOSPITAL SANTA ANA;;9810;;;;;
8002555918;CLINICA MEDICO QUIRURGICA ALVERNIA LTDA;LTDA;9812;;;;;
8002559634;CLINICA SAN JOSE SAS;;9813;;;;;
8010000608;SOCIEDAD DE NEUROCIENCIAS DIAGNOSTICAS N;CAS NEUROIMAGENES S A;9814;;;;;
8010007139;ONCOLOGOS DE OCIDENTE;;9817;;;;;
8010013234;INSTITUTO ESPECIALIZADO EN SALUD MENTAL;NTAL LTDA;9823;;;;;
8010014408;RED SALUD ARMENIA;;9826;;;;;
8010019691;ASPRODONTO S.A.S;;9828;;;;;
8010023253;HOSPITAL SAN CAMILO;;9829;;;;;
8010033423;COLSALUD SA;;9833;;;;;
8020003337;SABBAG RADIOLOGOS LTDA;;9839;;;;;
8020004303;RESURGIR CASA DE REPOSO LTDA;;9841;;;;;
8020007741;CLINICA ALTOS DE SAN VICENTE;;9845;;;;;
8020010842;IPS CLINICA SANTA ANA DE BARANOA;;9849;;;;;
8020030811;E S E HOSPITAL MUNICIPAL DE SABANAGRAND;GRANDE;9857;;;;;
8020034149;EMPRESA SOCIAL DEL ESTADO HOSPITAL DE JU;DE JUAN DE ACOSTA;9863;;;;;
8020043263;LABORATORIO CLINICO FALAB SAS;;9868;;;;;
8020067281;E.S.E HOSPITAL DEPARTAMENTAL NIÑO JESUS;;9884;;;;;
8020097663;HOSPITAL DEPARTAMENTAL JUAN DOMINGUEZ RO;EZ ROMERO E S E SOLEDAD ATLANTICO;9907;;;;;
8020098061;EMPRESA SOCIAL DEL ESTADO HOSPITAL DE MA;DE MALAMBO;9909;;;;;
8020130235;ESE HOSPITAL MATERNO INFANTIL CIUDADELA;;9938;;;;;
8020167616;CLINICA JALLER S A S;;9959;;;;;
8020201289;CLINICA MURILLO INVERCLINICAS S A;;9983;;;;;
8020202911;FUNDEMOS IPS S A S;;9985;;;;;
8020203341;QUIMIOSALUD LTDA;;9986;;;;;
8020213321;CLINICA CENTRO SA;;9999;;;;;
8020221453;CORPORACION IPS COSTA ATLANTICA;;10011;;;;;
8020227753;CENTRO DE SALUD AGRUPASALUD IPS;;10025;;;;;
8040030720;EMPRESA SOCIAL DEL ESTADO HOSPITAL LOCAL;LOCAL DE BOLIVAR;10049;;;;;
8040051821;EMPRESA SOCIAL DEL ESTADO CENTRO DE SALU;SALUD CAMILO RUEDA;10053;;;;;
8040055555;E S E HOSPITAL SANTO DOMINGO SAVIO;;10056;;;;;
8040061675;AUDIOMIC SAS;;10063;;;;;
8040069362;ESE CLINICA GUANE Y SU RED INTEGRAL;;10068;;;;;
8040076172;ASISTENCIA MEDICA SAS SERVICIO DE AMBULA;MBULANCIA PREPAGADO;10071;;;;;
8040082737;ESE CENTRO DE SALUD SANTA BARBARA;;10076;;;;;
8040085154;EMPRESA SOCIAL DEL ESTADO COROMORO;;10077;;;;;
8040086983;EMPRESA SOCIAL DEL ESTADO SAN JOSE DE FL;DE FLORIAN;10079;;;;;
8040087469;EMPRESA SOCIAL DEL ESTADO CENTRO DE SALU;SALUD SUCRE;10081;;;;;
8040087706;EMPRESA SOCIAL DEL ESTADO HOSPITAL SAN M;SAN MARTIN;10082;;;;;
8040087928;FORPRESALUD EU;;10083;;;;;
8040092881;EMPRESA SOCIAL PARA EL DESARROLLO DE LA;E LA PROVINCIA SOL Y VIDA S A;10087;;;;;
8040096583;ESE BLANCA ALICIA HERNANDEZ;;10089;;;;;
8040103946;E.S.E.SAN JOSEDE GUAVATA;;10094;;;;;
8040132001;FOMESALUD S.A.;;10121;;;;;
8040137752;CENTRO DE DIAGNOSTICO Y CIRUGIA OCULAR C;LAR CEDCO S A S;10126;;;;;
8040146379;ESE CENTRO DE SALUD SAN PEDRO DE CABRERA;BRERA;10134;;;;;
8040148107;ESE CENTRO DE SALUD NUESTRA SENORA DE LA;DE LA ESPERANZA MOLAGAVITA;10138;;;;;
8040148350;E S E CENTRO DE SALUD MUNICIPIO DE PARAM;PARAMO;10139;;;;;
8040148391;INSTITUTO DEL CORAZON DE BUCARAMANGA SA;;10140;;;;;
8040150073;E S E CENTRO DE SALUD ENCINO;;10143;;;;;
8040150478;ESE SAN ANTONIO DE PADUA DEL MUNICIPIO D;PIO DE PINCHOTE;10144;;;;;
8040150691;ESE SAN BENITO;;10145;;;;;
8040151279;EMPRESA SOCIAL DEL ESTADO DE OCAMONTE SA;TE SANTANDER;10147;;;;;
8040151548;E S E CENTRO DE SALUD HERMANA GERTRUDIS;UDIS;10148;;;;;
8040151641;E.S.E. CENTRO DE SALUD SAN ROQUE;;10149;;;;;
8040159203;E S E NUESTRA SENORA DE LA PAZ;;10158;;;;;
8040160361;CORPORACION IPS SANTANDER;;10159;;;;;
8040162880;ESE DIVINO NINO JESUS;;10164;;;;;
8040163651;E.S.E. HOSPITAL EL CARMEN;;10165;;;;;
8040169111;CLINIMED BARBOSA LTDA. C.M.B.;;10167;;;;;
8050063897;HOSPITAL EN CASA SA;;10225;;;;;
8050173508;HEMATO ONCOLOGOS S A;;10287;;;;;
8050176810;GAMANUCLEAR LTDA;;10289;;;;;
8050234231;SOCIEDAD N.S.D.R. S.A.S.;;10313;;;;;
8050262508;CLINICA SIGMA;;10322;;;;;
8050272613;E S E RED DE SALUD DEL CENTRO EMPRESA S;ESA SOCIAL DEL ESTADO HOSPITAL PRIMITIVO;10328;;;;;
8050272874;RED DE SALUD DEL NORTE EMPRESA SOCIAL DE;AL DEL ESTADO;10329;;;;;
8050272899;RED DE SALUD DE LADERA EMPRESA SOCIAL;;10330;;;;;
8050273374;E.S.E. RED DE SALUD DEL ORIENTE;;10331;;;;;
8050277431;DUMIAN MEDICAL S.A.S;;10335;;;;;
8050285114;CORPORACIoN IPS OCCIDENTE;;10345;;;;;
8050305855;FUNDACION DE ESPECIALISTAS DEL EDIFICIO;ICIO COOMEVA NORTE IPS;10354;;;;;
8060010618;EMPRESA SOCIAL DEL ESTADO CLINICA MATERN;ATERNIDAD RAFAEL CALVO;10370;;;;;
8060045486;CENTROMEDICO CRECER LTDA;;10380;;;;;
8060064147;ESE HOSPITAL LOCAL SAN JUAN NEPOMUCENO;ENO;10386;;;;;
8060067539;EMPRESA SOCIAL DEL ESTADO;;10389;;;;;
8060072571;ESE HOSPITAL LOCAL SANTA MARIA;;10397;;;;;
8060074641;ESE HOSPITAL LOCAL DE TALAIGUA;;10401;;;;;
8060076503;CENTRO RADIO ONCOLOGICO DEL CARIBE S.A.S;;10403;;;;;
8060078097;ESE HOSPITAL LOCAL MANUELA PABUENA LOBO;;10409;;;;;
8060079239;ESE HOSPITAL LOCAL ARJONA;;10413;;;;;
8060081539;ESE HOSPITAL LOCAL LA CANDELARIA;;10415;;;;;
8060083567;UCI DEL CARIBE SAS;;10418;;;;;
8060084391;CLINICA CARTAGENA DEL MAR S A S;;10421;;;;;
8060092302;CEMIC SAS;;10429;;;;;
8060103058;ESE HOSPITAL LOCAL CARTAGENA DE INDIAS;IAS;10438;;;;;
8060110524;CENTRO DE DIAGNOSTICO TRATAMIENTO DEL DO;EL DOLOR Y REHABILITACION ESPERANZA MACA;10441;;;;;
8060112617;ESTRIOS SAS;;10443;;;;;
8060129601;FUNDACION SER;;10451;;;;;
8060135896;LABORATORIO CLINICO MYRNA DE MORA S A S;A S;10455;;;;;
8060152013;GESTION SALUD S A S;;10462;;;;;
8060163775;UNIDAD DE SALUD MOMPOX U S M LTDA;;10473;;;;;
8070002803;SOCIEDAD CLINICA PAMPLONA LTDA;;10481;;;;;
8070010414;CENTRO MEDICO LA SAMARITANA LTDA;;10486;;;;;
8070026876;CLINILAB LTDA;;10494;;;;;
8070037689;RADIOTERAPIA DEL NORTE LTDA;;10497;;;;;
8070043523;EMPRESA SOCIAL DEL ESTADO IMSALUD;;10501;;;;;
8070043935;ESE HOSPITAL LOCAL MUNICIPIO LOS PATIOS;TIOS;10502;;;;;
8070046313;HOSPITAL JORGE CRISTO SAHIUM;;10503;;;;;
8070046653;ESE HOSPITAL JUAN LUIS LONDONO;;10504;;;;;
8070083016;CORPORACION IPS NORTE DE SANTANDER;;10515;;;;;
8070088246;E S E HOSPITAL REGIONAL CENTRO;;10517;;;;;
8070088278;E.S.E.HOSPITAL REGIONAL SUR ORIENTAL;;10518;;;;;
8070088429;EMPRESA SOCIAL DEL ESTADO HOSPITAL REGIO;REGIONAL NOROCCIDENTAL;10519;;;;;
8070088579;ESE HOSPITAL REGIONAL NORTE;;10521;;;;;
8070095325;CONSULTORIO INTEGRAL DE SALUD ORAL CISO;CISO E U;10523;;;;;
8080000248;FUNDACION CENTRO DE REHABILITACION;;10524;;;;;
8080002996;MESALUD LTDA;;10529;;;;;
8080016931;CENTRO MEDICO IRMED;;10531;;;;;
8080035006;HOSPITAL ISMAEL SILVA ESE;;10532;;;;;
8090003830;E S E  HOSPITAL LOCAL VITO FASAEL GUTIER;;10534;;;;;
8090008247;UNIDAD DE REHABILITACION Y ELECTRODIAGNO;IAGNOSTICO DEL TOLIMA S A S;10535;;;;;
8090010862;HOSPITAL SERAFIN DE LA MONTAÑA CUELLAR;;10537;;;;;
8090011591;HOSPITAL RAMON MARIA ARANA ESE;;10538;;;;;
8090014826;CLINICA DE OJOS DEL TOLIMA LTDA;;10540;;;;;
8090018155;CARDIOLOGOS ASOCIADOS LTDA;;10541;;;;;
8090020978;CENTRO DE SALUD COELLO E S E;;10542;;;;;
8090029133;PROMOVER LTDA;;10543;;;;;
8090031282;HOSPITAL NUESTRA SENORA DE FATIMA E S E;S E;10546;;;;;
8090035411;E.S.E. HOSPITAL SAN ROQUE;;10548;;;;;
8090035902;UNIDAD DE SALUD DE IBAGUE EMPRESA SOCIAL;;10549;;;;;
8090042809;E.S.E. HOSP. RICARDO ACOSTA NIVEL;;10550;;;;;
8090052494;HOSPITAL SAN SEBASTIAN DE PIEDRAS E S E;S E;10551;;;;;
8090054372;OSTEOPOR LTDA;;10552;;;;;
8090054523;E.S.E. HOSPITAL SANTA ROSA DE LIMA;;10553;;;;;
8090057194;E S E  HOSPITAL SAN VICENTE DE ROVIRA;;10554;;;;;
8090085761;SALUD 24 HORAS LTDA;;10561;;;;;
8090088236;MEDISALUD I P S LTDA SERVICIOS MEDICOS;ICOS EN SALUD LIMITADA;10562;;;;;
8090090661;CLINICA LOS REMANSOS LTDA.INST.TOLIMENSE;;10563;;;;;
8090104025;OPTICAS ORSOVISION SAS;;10565;;;;;
8090115178;MEDICINA INTENSIVA DEL TOLIMA LTDA;;10571;;;;;
8090116137;COOPERATIVA ESPECIALIZADA DE SERVICIOS U;IOS UROLOGICOS DEL TOLIMA C T A UROTOL;10573;;;;;
8090117031;CORPORACION IPS SALUDCOOP TOLIMA;;10575;;;;;
8090124887;FUNDACION DE PROFESIONALES;;10579;;;;;
8090125054;UROCADIZ IPS LTDA;;10580;;;;;
8100009120;CENTRO DE SALUD NORCASIA;;10588;;;;;
8100009138;E S E  HOSPITAL SAN FELIX;;10589;;;;;
8100011595;ESE HOSPITAL DEPARTAMENTAL SAN JOSE DE S;DE SAN JOSE;10591;;;;;
8100013925;ESE HOSPITAL DEPARTAMENTAL SAN ANTONIO D;NIO DE MARMATO;10593;;;;;
8100014661;LASER REFRACTIVO DE CALDAS SA;;10594;;;;;
8100023351;CENTRO DE DIAGNOSTICO UROLOGICO S A C D;C D U S A;10596;;;;;
8100032451;CLiNICA VERSALLES S A;;10598;;;;;
8100069934;FUNDACION PARA LA ATENCION DE LA SALUD M;LUD MENTAL COMPORTAMIENTO Y DESARROLLO H;10613;;;;;
8110024297;CLINICA PAJONAL LTDA;;10619;;;;;
8110049566;FUNDACION LA LUZ - CENTRO NACIONAL PARA;;10622;;;;;
8110076010;EMPRESA DE MEDICINA INTEGRAL EMI SAS;;10631;;;;;
8110078325;SERVICIOS DE SALUD IPS SURAMERICANA;;10636;;;;;
8110115523;MEDISALUD SAS;;10655;;;;;
8110161928;IPS DE LA UNIVERSIDAD DE ANTIOQUIA;;10669;;;;;
8110178106;E.S.E. HOSPITAL DEL SUR GABRIEL;;10675;;;;;
8110179191;UNIDAD VISUAL GLOBAL SA;;10676;;;;;
8110328187;SALUD TREC SAS;;10704;;;;;
8110387376;UNIDAD MEDICA INTEGRAL UMI S A S;;10723;;;;;
8110416379;CORPORACIoN IPS COMFAMILIAR CAMACOL COOD;COODAN;10733;;;;;
8110420500;SERVIUCIS S A;;10735;;;;;
8110420643;CENTRO CARDIOVASCULAR SOMER INCARE S A;S A;10736;;;;;
8110469004;CENTRO CARDIOVASCULAR COLOMBIANO;;10754;;;;;
8120003000;ESE HOSPITAL SAGRADO CORAZON DE JESUS;US;10757;;;;;
8120003175;ESE HOSPITAL SAN JOSE DE TIERRALTA;;10758;;;;;
8120003444;E S E HOSPITAL MONTELIBANO;;10759;;;;;
8120005275;CLINICA SAHAGUN I P S S A;;10765;;;;;
8120012196;E S E HOSPITAL SAN JORGE;;10771;;;;;
8120013320;ESE SAN ANDRES APOSTOL;;10773;;;;;
8120014232;ESE CAMU SANTA TERESITA;;10774;;;;;
8120015209;ESE CAMU PUEBLO NUEVO;;10779;;;;;
8120015501;ESE CAMU DE SAN PELAYO;;10780;;;;;
8120017925;E S E CAMU DE PURISIMA;;10782;;;;;
8120018464;E S E CAMU PUERTO ESCONDIDO;;10784;;;;;
8120028365;ESE CAMU DEL PRADO;;10791;;;;;
8120029585;CLINICA LA TRINIDAD I P S LTDA;;10792;;;;;
8120029933;E S E CAMU IRIS LoPEZ DURAN;;10793;;;;;
8120037268;E S E CENTRO DE SALUD DE COTORRA;;10804;;;;;
8120037393;CUPOSALUD IPS SAS;;10805;;;;;
8120038510;ESE HOSPITAL SAN JUAN DE SAHAGUN;;10808;;;;;
8120039961;E S E CAMU LOS CORDOBAS;;10811;;;;;
8120043048;CAMI LTDA;;10816;;;;;
8120051308;ESPECIALISTAS ASOCIADOS S A;;10830;;;;;
8120053232;TERAPIAS INTEGRALES LTDA;;10834;;;;;
8120055221;FUNDACION AMIGOS DE LA SALUD;;10836;;;;;
8120056441;CLINICA REGIONAL DEL SAN JORGE IPS S.A.;;10838;;;;;
8120057267;EMPRESA SOCIAL DEL ESTADO VIDASINU;;10839;;;;;
8120071948;ONCOMEDICA;;10854;;;;;
8120075284;CORPORACIoN IPS CORDOBA;;10859;;;;;
8130016533;E.S.E. HOSPITAL MUNICIPAL DE ALGECIRAS;;10878;;;;;
8130019520;CLINICA MEDILASER SA;;10879;;;;;
8130024975;EMPRESA SOCIAL DEL ESTADO SAN FRANCISCO;ISCO JAVIER;10883;;;;;
8130028724;EMPRESA SOCIAL DEL ESTADO SAN SEBASTIAN;;10886;;;;;
8130029335;ESE HOSPITAL DIVINO NINO;;10887;;;;;
8130029407;EMPRESA SOCIAL DEL ESTADO MARIA AUXILIAD;;10888;;;;;
8130034314;ESE CENTRO DE SALUD LAURA PERDOMO DE GAR;E GARCIA;10890;;;;;
8130040181;ESE CENTRO DE SALUD MIGUEL BARRETO LOPEZ;LOPEZ DE TELLO;10891;;;;;
8130052657;E S E  HOSPITAL DE NEIVA - CARMEN EMILIA;;10892;;;;;
8130052958;E.S.E. MUNICIPAL MANUEL CASTRO TOVAR;;10893;;;;;
8130068779;EMPRESA SOCIAL DEL ESTADO CENTRO DE SALU;SALUD SAN JUAN DE DIOS;10899;;;;;
8130078759;E.S.E.HOSPITAL MUNICIPAL NUESTRA SEÑORA;;10901;;;;;
8130091435;SALUDCOOP CLiNICA SANTA ISABEL LTDA;;10907;;;;;
8130100249;ESE NUESTRA SENORA DEL CARMEN;;10910;;;;;
8130101451;OFTALMOLASER SOCIEDAD DE CIRUGIA DEL H;DEL HUILA S A;10911;;;;;
8130104725;EMPRESA SOCIAL DEL ESTADO HOSPITAL SAN R;SAN ROQUE;10912;;;;;
8130109661;ESE JUAN RAMON NUNEZ PALACIOS;;10914;;;;;
8130109962;ESE HOSPITAL SAN JOSE DE ISNOS;;10915;;;;;
8130110275;ESE SANTA ROSA DE LIMA DE PAICOL;;10916;;;;;
8130114658;ESE HOSPITAL LUIS ANTONIO MOJICA;;10918;;;;;
8130115022;E.S.E.HOSPITAL SAN FRANCISCO DE ASIS DE;;10920;;;;;
8130115158;ESE HOSPITAL LOCAL MUNICIPAL;;10922;;;;;
8130115663;E.S.E. HOSPITAL DEL PERPETUO SOCORRO DE;;10923;;;;;
8130115774;CLINICA UROS S.A.;;10924;;;;;
8130117068;EMPRESA SOCIAL DEL ESTADO ANA SILVIA MAL;A MALDONADO JIMENEZ;10925;;;;;
8130125460;CORPORACION IPS HUILA;;10928;;;;;
8130128331;EMPRESA SOCIAL DEL ESTADO HOSPITAL NUEST;NUESTRA SENORA DE LAS MERCEDES DE SALADO;10929;;;;;
8130129463;ESE MUNICIPAL DAVID MOLINA MUNOZ;;10930;;;;;
8140013295;ESE HOSPITAL CUMBAL;;10939;;;;;
8140015940;CENTRO DE SALUD SENOR DE LOS MILAGROS DE;OS DE GUALMATaN EMPRESA SOCIAL DEL EST;10940;;;;;
8140016773;E S E CENTRO DE SALUD BELEN;;10942;;;;;
8140033707;CENTRO HOSPITAL NUESTRO SENOR DE LA DIVI;DIVINA MISERICORDIA PUERRES E S E;10954;;;;;
8140034482;AUDIOCOM SAS;;10955;;;;;
8140038983;SALUDCOOP CLINICA LOS ANDES S A;;10977;;;;;
8140063804;CORPORACION IPS NARINO;;10990;;;;;
8140066207;E S E JUAN PABLO II DEL MUNICIPIO DE LI;DE LINARES;10993;;;;;
8140066547;E.S.E. CENTRO DE SALUD SAN JUAN BAUTISTA;;10996;;;;;
8140067323;CENTRO DE SALUD DE CONSACA EMPRESA SOCIA;SOCIAL DEL ESTADO;10998;;;;;
8150003169;HOSPITAL RAUL OREJUELA BUENO ESE;;11008;;;;;
8150011404;ESE HOSPITAL DIVINO NINO;;11011;;;;;
8150023129;CENTRO MEDICO NUESTRA SENORA DE LAS LAJA;LAJAS S A S;11013;;;;;
8160008101;UNIDAD OFTALMOLOGICA LASER S.A.;;11029;;;;;
8160024518;CALCULASER S A;;11031;;;;;
8160033213;ASOCIACION DE PROFESIONALES PARA LA PROM;PROMOCION PREVENCION ATENCION Y REHAB;11038;;;;;
8160050035;E.S.E.SALUD PEREIRA;;11045;;;;;
8160067202;CENTRO DE MEDICINA NUCLEAR DE PEREIRA SA;RA SAS;11050;;;;;
8160079432;CORPORACIoN IPS EJE CAFETERO;;11054;;;;;
8170009996;CENTRO DE SALUD DE TIMBIO E S E;;11067;;;;;
8170031661;CLINICA LA ESTANCIA S A;;11077;;;;;
8170035324;QUILISALUD E S E;;11083;;;;;
8170061214;AMEZQUITA ACOSTA SAS;;11088;;;;;
8180004666;HOSPITAL SAN JOSE DE TADO;;11100;;;;;
8180010191;HOSPITAL LOCAL ISMAEL ROLDAN VALENCIA;IA;11102;;;;;
8190001341;CENTRO CARDIOVASCULAR DEL MAGDALENA S A;S A;11123;;;;;
8190003647;CLINICA DE LA MUJER SA;;11124;;;;;
8190004131;CLINICA GENERAL DE CIENAGA S A S;;11125;;;;;
8190006261;E S E HOSPITAL NUESTRA SENORA SANTA ANA;A ANA;11127;;;;;
8190007363;EMPRESA SOCIAL DEL ESTADO HOSPITAL RAFAE;RAFAEL PABA MANJARREZ;11128;;;;;
8190011075;EMPRESA SOCIAL DEL ESTADO HOSPITAL LOCAL;LOCAL ALEJANDRO MAESTRE SIERRA;11130;;;;;
8190013025;E S E HOSPITAL LOCAL DE TENERIFE;;11135;;;;;
8190013129;ESE HOSPITAL SAN PEDRO DE EL PINON;;11138;;;;;
8190014831;EMPRESA SOCIAL DEL ESTADO HOSPITAL FRAY;FRAY LUIS DE LEON;11144;;;;;
8190020254;E S E HOSPITAL SANTANDER HERRERA;;11151;;;;;
8190021768;COMPAÑIA COLOMBIANA DE SALUD;;11152;;;;;
8190022282;CENTRO DE IMÁGENES DIAGNOSTICAS SANTA;;11153;;;;;
8190025334;METROSALUD IPS S A S;;11155;;;;;
8190025341;E.S.E.NUESTRA SEÑORA DEL CARMEN;;11156;;;;;
8190025517;EMPRESA SOCIAL DEL ESTADO CENTRO;;11157;;;;;
8190029344;FUNDACION SANAR KINESIS;;11158;;;;;
8190032105;UNIDAD DE ATENCION DE PACIENTES EN ESTAD;ESTADO CRITICO CUIDADO CRITICO S A S;11159;;;;;
8190034624;ESE HOSPITAL LOCAL DE CONCORDIA;;11161;;;;;
8190040705;ESE ALEJANDRO PROSPERO REVEREND;;11170;;;;;
8190042805;SAMUEL VILLANUEVA VALEST EMPRESA SOCIAL;CIAL DEL ESTADO;11176;;;;;
8190057121;SOCIEDAD INST PRESTADORA DE SALUD IPS P;IPS PROFSALUD SAS;11189;;;;;
8190061931;INSTITUTO NEUROPSIQUIATRICO NUESTRA SENO;SENORA DEL CARMEN INSECAR;11192;;;;;
8190064610;GASTROMAG LTDA;;11197;;;;;
8200008571;EMPRESA SOCIAL DEL ESTADO CENTRO DE SALU;SALUD MACANAL;11203;;;;;
8200008863;ESE CENTRO DE SALUD SAN ANTONIO DE;;11204;;;;;
8200011031;SOCIEDAD MEDICA AMES LTDA;;11205;;;;;
8200011814;ASORSALUD SM LTDA;;11206;;;;;
8200012772;CENTRO DE CANCEROLOGIA DE BOYACA SAS;;11207;;;;;
8200020337;CLINICA SANTA TERESA S A;;11209;;;;;
8200023062;MEDICINA NUCLEAR DE BOYACA LTDA;;11212;;;;;
8200025961;SANANDO LTDA;;11214;;;;;
8200026081;EMPRESA SOCIAL DEL ESTADO CENTRO;;11215;;;;;
8200026572;ESE GUSTAVO ROMERO HERNADEZ DE TIBANA;NA;11216;;;;;
8200028547;EMPRESA SOCIAL DEL ESTADO;DE LA PAZ;11218;;;;;
8200029165;CENTRO DE SALUD EDGAR ALONSO PULIDO SOLA;;11219;;;;;
8200029283;NEFROBOYACA SAS;;11220;;;;;
8200031931;EMPRESA SOCIAL DEL ESTADO CENTRO DE SALU;SALUD LA CANDELARIA DE LA CAPILLA;11221;;;;;
8200032843;EMPRESA SOCIAL DEL ESTADO CENTRO DE SALU;SALUD SANTA SOFIA;11222;;;;;
8200032915;EMPRESA SOCIAL DEL ESTADO RAFAEL SALGADO;LGADO DE MARIPI;11223;;;;;
8200033289;EMPRESA SOCIAL DEL ESTADO;;11224;;;;;
8200033375;EMPREA SOCIAL DEL ETADO CENTRO DE SALUD;ALUD JENESANO;11225;;;;;
8200033605;EMPRESA SOCIAL DEL ESTADO CENTRO DE SALU;SALUD SAN JOSE DE PARE;11228;;;;;
8200033827;EMPRESA SOCIAL DEL ESTADO CENTRO DE SALU;SALUD DE ARCABUCO;11231;;;;;
8200034097;CLINISONRIA CLINICAS ODONTOLOGICAS EU;;11235;;;;;
8200034112;EMPRESA SOCIAL DEL ESTADO CENTRO DE SALU;SALUD DE COMBITA;11236;;;;;
8200034311;ESE CENTRO DE SALUD SAN VICENTE FERRER;RER;11238;;;;;
8200034359;E.S.E.CENTRO DE SALUD DE TOGUI BOYACA;;11239;;;;;
8200035246;E.S.E. CENTRO DE SALUD DE TOCA;;11243;;;;;
8200035508;EMPRESA SOCIAL DEL ESTADO CENTRO DE SALU;SALUD SANTA ISABEL BUENAVISTA;11245;;;;;
8200035712;E S E CENTRO DE SALUD LUIS LANCHEROS;OS;11247;;;;;
8200035809;E.S.E. CENTRO DE SALUD DE CHITARAQUE;;11248;;;;;
8200036197;EMPRESA SOCIAL DEL ESTADO CENTRO DE SALU;SALUD SAN BLAS;11249;;;;;
8200036323;E.S.E. CENTRO DE SALUD SANTANA;;11251;;;;;
8200036387;E S E CENTRO DE SALUD SAN ANTONIO DE PA;DE PADUA;11252;;;;;
8200037821;ESE CENTRO DE SALUD SAN RAFAEL;;11255;;;;;
8200038390;ESE CENTRO DE SALUD SANTA BARBARA DE TUN;E TUNUNGUA;11257;;;;;
8200038502;E S E SANTIAGO DE TUNJA;;11258;;;;;
8200038763;E S E  CENTRO DE SALUD SANTO ECCEHOMO SU;;11259;;;;;
8200039066;ESE CENTRO DE SALUD JAIME DIAZ PEREZ;Z;11260;;;;;
8200039106;E S E CENTRO DE SALUD CAMPOHERMOSO;;11261;;;;;
8200043181;EMPRESA SOCIAL DEL ESTADO CENTRO DE SALU;SALUD MANUEL ELKIN PATARROYO;11266;;;;;
8200045835;MANANTIAL DE VIDA MEDICINA BIOLOGICA S A;A S A S;11268;;;;;
8200048689;CORPORACION IPS BOYACA;;11270;;;;;
8200053897;E.S.E. HOSPITAL REGIONAL DE CHIQUINQUIRA;;11274;;;;;
8210004531;CENTRO INTEGRAL DE SALUD QUIRON E A T;;11277;;;;;
8210008312;HOSPITAL RUBEN CRUZ VELEZ;;11279;;;;;
8210031437;E.S.E.HOSPITAL DEPARTAMENTAL CENTENARIO;;11283;;;;;
8220015703;E S E  MUNICIPIO DE FUENTE DE ORO;;11291;;;;;
8220024598;E.S.E. DEL MUNICIPIO DE VILLAVICENCIO;;11292;;;;;
8220042275;CLINICAS ODONTOLOGICAS LTDA CLINISONRISA;NRISA CS LTDA;11303;;;;;
8220060515;E.S.E. RED DE SALUD DE PRIMER NIVEL;;11309;;;;;
8220065951;E S E  DEPARTAMENTAL SOLUCION SALUD;;11315;;;;;
8220068187;CORPORACION IPS LLANOS ORIENTALES;;11316;;;;;
8230006241;ESE HOSPITAL LOCAL NUESTRA SENORA DEL SO;EL SOCORRO DE SINCE;11331;;;;;
8230007794;ASOCIACION MEDICA HUMANA EMPRESA ASOCIAT;OCIATIVA DE TRABAJO;11333;;;;;
8230010358;ESE CENTRO DE SALUD SAN JOSE I NIVEL SAN;L SAN MARCOS;11338;;;;;
8230019992;ESE CENTRO DE SALUD SAN PEDRO SUCRE;;11349;;;;;
8230027786;CLINICA SANTA ISABEL LIMITADA;;11359;;;;;
8230029671;IPS CLINICA SAN JOSE LIMITADA;;11363;;;;;
8230029919;CLINICA SALUD SOCIAL S A S;;11364;;;;;
8230048816;I P S CLINICA GUARANDA SANA S A S;;11389;;;;;
8230048959;UNIDAD MEDICA INTEGRAL DEL SAN JORGE LIM;E LIMITADA;11390;;;;;
8240002045;ESE HOSPITAL MARINO ZULETA RAMIREZ;;11396;;;;;
8240004256;HOSPITAL SAN JOSE;;11397;;;;;
8240004263;HOSPITAL LOCAL CURUMANI CRISTIAN MORENO;RENO PALLARES;11398;;;;;
8240004407;E.S.E. HOSPITAL HERNANDO QUINTERO BLANCO;;11400;;;;;
8240004414;HOSPITAL LOCAL ALVARO RAMIREZ GONZALEZ E;LEZ E S E;11401;;;;;
8240004421;HOSPITAL SAN MARTIN;;11402;;;;;
8240004500;E.S.E.HOSPITAL SAN JUAN BOSCO;;11405;;;;;
8240004629;HOSPITAL JOSE ANTONIO SOCARRAS;;11406;;;;;
8240004691;EMPRESA SOCIAL DEL ESTADO HOSPITAL EL SO;EL SOCORRO;11407;;;;;
8240005437;HOSPITAL JORGE ISAAC RINCON TORRES;;11409;;;;;
8240005863;HOSPITAL LOCAL LAZARO ALFONSO HERNANDEZ;NDEZ LARA;11410;;;;;
8240007250;EMPRESA SOCIAL DEL ESTADO HOSPITAL EDUAR;EDUARDO ARREDONDO DAZA;11412;;;;;
8240007852;HOSPITAL LOCAL DE AGUACHICA;;11413;;;;;
8240010416;CLINICA MEDICOS S A;;11416;;;;;
8240012523;CLINICA ERASMO LTDA;;11417;;;;;
8240022771;CLINICA BUENOS AIRES S A:S;;11419;;;;;
8240026728;HOSPITAL CAMILO VILLAZON PUMAREJO;;11425;;;;;
8240048676;CLINICA OFTALMOLOGICA DE VALLEDUPAR LTDA;LTDA;11441;;;;;
8250006201;HOSPITAL NUESTRA SENORA DEL CARMEN;;11463;;;;;
8250008349;HOSPITAL SANTA RITA DE CASSIA;;11464;;;;;
8250010371;HOSPITAL SANTA TERESA DE JESUS DE AVILA;VILA;11466;;;;;
8250013485;UNIDAD DE CUIDADOS INTENSIVOS ASYSTIR;IR;11470;;;;;
8250018003;CLINICA SOMEDA S A S;;11472;;;;;
8250025257;E.S.E HOSPITAL SAN RAFAEL DE ALBANIA;;11473;;;;;
8250030806;UNIDAD DE CUIDADOS INTENSIVOS RENACER;ER;11474;;;;;
8260001076;SERVICIOS MEDICOS ESPECIALIZADOS EL LAGU;LAGUITO S A LAGOTAC S A;11478;;;;;
8260002612;SERVICIOS INTEGRALES DE REHABILITACION E;;11479;;;;;
8260019187;EMPRESA SOCIAL DEL ESTADO CENTRO;;11483;;;;;
8260020608;E.S.E.CENTRO DE SALUD SAN ANTONIO SOCOTA;;11489;;;;;
8260022027;EMPRESA SOCIAL DEL ESTADO CENTRO DE SALU;SALUD DE LA UVITA;11492;;;;;
8260023041;HOSPITAL ESPECIAL DE CUBARA EMPRESA SOCI;SOCIAL DEL ESTADO;11494;;;;;
8260026607;ESE CENTRO DE SALUD NUESTRA SENORA DE B;DE BELEN;11500;;;;;
8260026947;EMPRESA SOCIAL DEL ESTADO NUESTRA SENORA;ENORA DEL ROSARIO;11504;;;;;
8260027185;EMPRESA SOCIAL DEL ESTADO SALUD PAZ DE R;DE RIO;11505;;;;;
8260027771;EMPRESA SOCIAL DEL ESTADO HOSPITAL LAS M;LAS MERCEDES DE MONGUI;11508;;;;;
8280000731;CORPORACION MEDICA DEL CAQUETA;;11522;;;;;
8280003861;HOSPITAL COMUNAL MALVINAS;;11523;;;;;
8280016362;FUNDACION PARA EL DESARROLLO SOCIAL EN S;EN SALUD EDUCACION Y VIVIENDA;11526;;;;;
8280025867;CLINICA CHAIRA IPS;;11531;;;;;
8290009406;ESE HOSPITAL LOCAL SAN PABLO;;11536;;;;;
8290012560;ESE HOSPITAL MANUEL ELKIN PATARROYO;;11539;;;;;
8290018466;EMPRESA SOCIAL DEL ESTADO BARRANCABERMEJ;ERMEJA;11540;;;;;
8290039456;ESE CENTRO DE SALUD PUERTO PARRA;;11552;;;;;
8290042969;CLINICA ODONTOLOGOS ESPECIALISTAS SAS;AS;11554;;;;;
8300000019;COOPERATIVA PARA LA SALUD ORAL ORALCOOP;COOP;11555;;;;;
8300010045;SOMNARUM S A S;;11556;;;;;
8300012374;SERVICIOS ADOM SAS SIGLA ADOM SALUD DOMI;DOMICILIARIA;11571;;;;;
8300017669;IMAGEN ORAL S A S;;11573;;;;;
8300032524;FUNDACION DEL QUEMADO;;11579;;;;;
8300051270;CENTRO DE CIRUGIA AMBULATORIA IPS LTDA;TDA;11583;;;;;
8300072292;CORVESALUD LTDA;;11586;;;;;
8300083002;CENTRO DE CONTROL DE CANCER LTDA.;;11608;;;;;
8300091129;ORGANIZACIONES DE IMAGENOLOGIA COLOMBIAN;MBIANA OIC S A;11609;;;;;
8300106716;INVERSIONES CREAR RAMA S.A.;;11613;;;;;
8300109663;HOSPITAL DE USME I NIVEL EMPRESA SOCIAL;CIAL DEL ESTADO;11617;;;;;
8300119335;CAYO ALONSO DUARTE SUAREZ Y COMPANIA S E;A S EN C;11619;;;;;
8300135940;DEXA DIAB SERVICIOS MEDICOS LIMITAD;;11624;;;;;
8300141215;PROCREACION MEDICAMENTE ASISTIDA LTDA;;11627;;;;;
8300176528;INSTITUTO DE ESTUDIOS CIENTIFICOS EN ODO;N ODONTOLOGIA S A SIGLA IECO;11643;;;;;
8300177067;LABORATORIO VASCULAR ECOLAB Y COMPANIA L;NIA LIMITADA;11644;;;;;
8300203982;SAN LUIS UNIDAD DE CRONICOS Y PALIATIVOS;;11650;;;;;
8300237989;SUBA MEDICAL IPS LIMITADA;;11665;;;;;
8300275783;TORRES Y JARAMILLO S A S;;11679;;;;;
8300278068;CENTRO ENFERMEDADES DIGESTIVAS CIA;;11680;;;;;
8300291020;SALUD OCUPACIONAL DE LOS ANDES LIMI;;11689;;;;;
8300402560;HOSPITAL MILITAR CENTRAL;;11726;;;;;
8300412841;CENTRO INTEGRAL DE REUMATOLOGIA E INMUNO;NMUNOLOGIA SAS CIREI SAS;11729;;;;;
8300413144;F  CUENTA SUBSITEMA DE SALUDPONAL - P  N;;11730;;;;;
8300533160;FUNDACION CRESER;;11752;;;;;
8300536925;UROSALUD S A;;11754;;;;;
8300556671;LABORATORIO CLINICO ENDOCRINO Y CIA SAS;SAS;11758;;;;;
8300573190;ENDO MEDICA LTDA;;11761;;;;;
8300633948;HOME SALUD SAS;;11771;;;;;
8300666265;MEDIHEALTH SERVICES COLOMBIA;;11774;;;;;
8300702845;RESONANCIA MAGNETICA DEL COUNTRY E;;11789;;;;;
8300719388;SOCIEDAD PEDIATRICA DE LOS ANDES;;11790;;;;;
8300747170;FUNDACION AMAR;;11796;;;;;
8300753237;EQUILIBRIO S A S;;11797;;;;;
8300774449;HOSPITAL DEL SUR;;11805;;;;;
8300776176;HOSPITAL TUNJUELITO II NIVEL ESE;;11807;;;;;
8300776334;HOSPITAL RAFAEL URIBE URIBE ESE;;11808;;;;;
8300776445;HOSPITAL CENTRO ORIENTE II NIVEL EMPRESA;PRESA SOCIAL DEL ESTADO;11809;;;;;
8300776501;HOSPITAL FONTIBON ESE;;11810;;;;;
8300776524;HOSPITAL CHAPINERO ESE;;11811;;;;;
8300776889;HOSPITAL ENGATIVA II NIVEL ESE;;11812;;;;;
8300796903;HEMERA UNIDAD DE INFECTOLOGIA SAS;;11821;;;;;
8300821326;LIGA COLOMBIANA CONTRA EL INFARTO Y LA H;LA HIPERTENSION ARTERIAL;11841;;;;;
8300857637;FUNDACION CLINICA MEGASALUD;;11850;;;;;
8300900418;ARMONIA CUIDADOS ESPECIALES S A S;;11861;;;;;
8300927184;DIAGNOSTICOS E IMAGENES S A;;11882;;;;;
8300932346;CIMAD IPS LTDA;;11888;;;;;
8300958423;INNOVAR SALUD SAS;;11897;;;;;
8300987751;ASMEDAN SAS ASOCIACION DE MEDICOS Y;;11911;;;;;
8300990275;FUNDACION AVANTE;;11916;;;;;
8301002282;CARDIO GLOBAL LTDA;;11923;;;;;
8301044058;UNIDAD DE LABORATORIOS ESPECIALIZADA LTD;A LTDA;11955;;;;;
8301063761;CORPORACIoN IPS SALUDCOOP;;11959;;;;;
8301124757;OPTICA SCORPIO E U;;12009;;;;;
8301126255;GENeTICA MOLECULAR DE COLOMBIA SEDE CuCU;CuCUTA;12010;;;;;
8301137899;FUNDACION SALUD DE LOS ANDES;;12016;;;;;
8301140359;UNILASER MEDICA S A;;12020;;;;;
8301148465;CENTRO DE ESPECIALISTAS DIAGNOSTICO Y TR;Y TRATAMIENTO CEDIT LTDA;12027;;;;;
8301155662;ENDOTHERAPEUTICS SAS;;12031;;;;;
8301177596;CLINICA DEL SENO IPS LTDA.;;12048;;;;;
8301178469;SPORTSMED COLOMBIA SAS;;12049;;;;;
8301186055;FUNDACION IDEAS DIA A DIA;;12051;;;;;
8301187046;CLINICAS ODONTOLOGICAS COODONTOLOGOS SAS;S SAS;12052;;;;;
8301187949;CLINICA SANARTE LTDA;;12055;;;;;
8301203381;ASOCIADOS EN IMaGENES DIAGNOSTICAS LTDA;LTDA;12072;;;;;
8301223593;STEM MEDICINA REGENERATIVA SAS;;12077;;;;;
8301241106;SALUD VITAL DE COLOMBIA IPS SAS;;12087;;;;;
8301288561;CORPORACIoN NUESTRA IPS;;12094;;;;;
8301341607;INFECTOLOGOS CLINICOS DE;;12115;;;;;
8301360339;CENTRO DE REHABILITACION Y ESTeTICA ORAL;ORAL EU CREO EU;12123;;;;;
8301367572;FISIOSPORT LTDA;;12125;;;;;
8301397780;ENDOSONO LIMITADA;;12133;;;;;
8301438319;DENTAL ASSISTANCE SAS;;12150;;;;;
8301439467;FUNDACIoN UNIDAD INTEGRAL DE TOXICOLOGiA;LOGiA UNITOX;12151;;;;;
8305005119;SOCIEDAD DE TERAPIAS DEL TOLIMA IPS LTDA;LTDA;12168;;;;;
8305044008;CENTRO MEDICO VALLE DE ATRIZ E U;;12182;;;;;
8305058083;CLINICA GUADALAJARA DE BUGA S A;;12192;;;;;
8305072456;CLINICA JERUSALEN;;12198;;;;;
8305072915;OBSTETRICIA Y GINECOLOGIA LIMITADA;;12199;;;;;
8305077124;FUNDACION APRENDER A VIVIR;;12201;;;;;
8305077188;MEDICAL PROINFO SAS;;12202;;;;;
8305094064;FUNDACION VIDA Y SALUD SOLIDARIA FUNDAS;UNDASALUD IPS OPERADORA LOGISTICA DE;12208;;;;;
8305105666;FACEL LTDA;;12221;;;;;
8305109913;CLiNICA ESPECIALIZADA LA CONCEPCIoN S A;S A S;12224;;;;;
8305112025;SALUD PLENA LTDA;;12225;;;;;
8305128867;DENTISTETIC LTDA;;12237;;;;;
8305142409;DIAGNOSTIMED S.A;;12243;;;;;
8320000291;E S E  HOSPITAL HILARIO LUGO;;12252;;;;;
8320003192;SALUDCASANARE LTDA;;12254;;;;;
8320006181;I P S SERVICIOS INTEGRALES Y ASISTENCIAL;NCIALES DE SALUD S A S;12258;;;;;
8320013781;UNIDAD MEDICA DE PACHO SAS;;12263;;;;;
8320014117;E S E HOSPITAL SAN RAFAEL DE CAQUEZA;ZA;12264;;;;;
8320014654;E S E HOSPITAL SAN ANTONIO DE ANOLAIMA;AIMA;12265;;;;;
8320017942;EMPRESA DE SALUD EMPRESA SOCIAL DEL;;12266;;;;;
8320024365;ESE HOSPITAL PROFESOR JORGE CAVELIER I;R I NIVEL DE ATENCION CAJICA;12268;;;;;
8320038688;UNIDAD MEDICO QUIRURGICA Y ODONTOLOGICA;GICA SANTA CAROLINA S A S;12272;;;;;
8320047541;UNIDAD MEDICA CENTRAL IPS LTDA;;12276;;;;;
8320072727;CENTRO DE SALUD DE FOSCA E S E;;12281;;;;;
8320083214;E S E CENTRO DE SALUD DE TAUSA;;12282;;;;;
8320091878;E S E CENTRO DE SALUD SAN JOSE DE NIMAI;NIMAIMA;12283;;;;;
8320102402;E S E CENTRO DE SALUD CUCUNUBA;;12284;;;;;
8320104369;E S E MARIA AUXILIADORA MOSQUERA;;12285;;;;;
8320107847;FISIOSALUD ZIPAQUIRA LTDA;;12286;;;;;
8320114410;E S E HOSPITAL NUESTRA SENORA DEL ROSAR;ROSARIO SUESCA;12287;;;;;
8340011711;EMPRESA DE SERVICIOS DE SALUD DE ARAUCA;AUCA EMSSAR LTDA;12290;;;;;
8340015563;CLINICA METROPOLITANA DEL LLANO;;12292;;;;;
8360003860;IPS DEL MUNICIPIO DE CARTAGO ESE;;12302;;;;;
8360007372;HOSPITAL DEPARTAMENTAL DE CARTAGO E S E;S E;12303;;;;;
8370002866;HOSPITAL GUACHUCAL ESE;;12308;;;;;
8370007082;INSTITUCION PRESTADORA DE SERVICIOS DE S;DE SALUD LOS ANGELES IPS;12309;;;;;
8370009745;SOCIEDAD LAS LAJAS LIMITADA;;12311;;;;;
8380000967;ESE HOSPITAL SAN RAFAEL DE LETICIA;IA;12313;;;;;
8390001453;ASOCIACION DE CABILDOS Y/O AUTORIDADES T;DES TRADICIONALES DE LA GUAJIRA;12315;;;;;
8390003560;SOCIEDAD MEDICA CLINICA MAICAO S A;;12317;;;;;
8420000044;E S E HOSPITAL DEPARTAMENTAL SAN JUAN D;UAN DE DIOS;12326;;;;;
8420001447;UNIDAD BASICA DE ATENCION NUESTRA SENORA;ENORA DEL CARMEN EMPRESA SOCIAL DEL ES;12327;;;;;
8430000094;EMPRESA SOCIAL DEL ESTADO HOSPITAL DEPAR;DEPARTAMENTAL MANUEL ELKIN PATARROYO;12328;;;;;
8440012873;E S E HOSPITAL LOCAL DE TAURAMENA;;12330;;;;;
8440013556;HOSPITAL DE AGUAZUL JUAN HERNANDO URREGO;RREGO EMPRESA SOCIAL DEL ESTADO;12331;;;;;
8440019111;COOPERATIVA MEDICA DE SALUD DEL NORTE DE;TE DEL CASANARE;12332;;;;;
8440034553;CLINICA DEL ORIENTE LTDA;;12344;;;;;
8440041972;RED SALUD CASANARE E S E;;12345;;;;;
8450000385;EMPRESA SOCIAL DEL ESTADO HOSPITAL SAN A;SAN ANTONIO;12347;;;;;
8460002536;EMPRESA SOCIAL DEL ESTADO HOSPITAL LOCAL;LOCAL;12348;;;;;
8460004715;ESE HOSPITAL SAGRADO CORAZON DE JESUS;US;12349;;;;;
8460004747;E S E HOSPITAL ORITO;;12350;;;;;
8460006782;ESE HOSPITAL MARIA ANGELINES DE II NIVEL;NIVEL DE ATENCION;12351;;;;;
8460016200;E S E HOSPITAL SAN GABRIEL ARCANGEL;;12355;;;;;
8460016690;E S E HOSPITAL ALCIDES JIMeNEZ;;12356;;;;;
8460023099;ESE HOSPITAL FRONTERIZO LA DORADA;;12357;;;;;
8600014751;SEDE RURAL CLiNICA SANTO TOMaS SA;;12375;;;;;
8600025412;CLINICA DE MARLY S A;;12378;;;;;
8600065600;LIGA COLOMBIANA CONTRA EL CANCER;;12386;;;;;
8600066268;OFTALMOS S A;;12387;;;;;
8600067456;CONGREGACION HERMANAS DE LA CARIDAD;SANTISIMA VIRGEN - PROVINCIA DE BOGOTA;12389;;;;;
8600074005;INSTITUTO COLOMBIANO DEL SISTEMA;;12397;;;;;
8600077601;HNAS HOSPITALARIAS DEL SAGDO CORAZON D;ZON DE JESUS HOSPITAL MENTAL NUESTRA SRA;12398;;;;;
8600088840;CENTRO UROLOGICO LTDA;;12403;;;;;
8600095557;E S E HOSPITAL SANTA MATILDE DE MADRID;DRID;12404;;;;;
8600107831;CONGREGACION DE DOMINICAS DE SANTA;;12405;;;;;
8600112985;CENTRO DE REHABILITACION PARA ADULTOS CI;OS CIEGOS CRAC;12406;;;;;
8600159056;CLINICA DE NUESTRA SENORA DE LA PAZ;;12438;;;;;
8600159292;E S E HOSPITAL SALAZAR VILLETA;;12440;;;;;
8600163725;FUNDACION ARTHUR STANLEY GILLOW;;12441;;;;;
8600200948;ESE HOSPITAL NUESTRA SENORA DEL CARMEN D;MEN DE EL COLEGIO;12442;;;;;
8600201881;ESE HOSPITAL SANTA CLARA;;12443;;;;;
8600202833;E S E HOSPITAL SAN JOSE DE GUADUAS;;12444;;;;;
8600210720;FUNDACION PARA EL NINO SORDO ICAL;;12445;;;;;
8600238789;EMPRESA SOCIAL DEL ESTADO HOSPITAL DIVIN;DIVINO SALVADOR DE SOPO;12448;;;;;
8600239873;COOPERATIVA MULTIACTIVA PARA LOS PROFESI;OFESIONALES DEL SECTOR SALUD CMPS;12449;;;;;
8600239991;E S E HOSPITAL SAN VICENTE DE PAUL;;12451;;;;;
8600240265;ESE HOSPITAL SAN VICENTE DE PAUL DE NEMO;NEMOCON;12452;;;;;
8600240305;EMPRESA SOCIAL DEL ESTADO HOSPITAL DIOGE;DIOGENES TRONCOSO DE PUERTO SALGAR;12453;;;;;
8600289471;CONGREGACION DE HERMANAS FRANCISCANAS;PROVINCIA MARIA AUXILIADORA;12455;;;;;
8600295663;FUNDACION FE;;12457;;;;;
8600345031;FUNDACION NINEZ Y DESARROLLO FUNDACION F;ION FND COLOMBIA;12460;;;;;
8600354471;E S E HOSPITAL SAN ANTONIO DE GUATAVITA;AVITA;12461;;;;;
8600375929;EMPRESA SOCIAL DEL ESTADO HOSPITAL SANTA;ROSA DE TENJO;12463;;;;;
8600394310;FUNDACION PARA LA REHABILITACION DE ALCO;ALCOHOLICOS Y ADICTOS FUNDAR;12467;;;;;
8600396159;OPTI PRODUCTOS SAS;;12468;;;;;
8600397268;IDIMAG PARAMEDICOS S A;;12469;;;;;
8600411179;FUNDACION TELETON;;12472;;;;;
8600413333;SISTEMAS DE TERAPIA RESPIRATORIA SAS;S;12477;;;;;
8600439981;OPTICENTRO INTERNACIONAL;;12480;;;;;
8600486569;FUNDACION OFTALMOLOGICA NACIONAL;;12494;;;;;
8600535782;ASOCIACION COLOMBIANA DE DIABETES;;12499;;;;;
8600550838;FUNDACION CLINICA HOSPITAL JUAN N CORPAS;ORPAS Y CENTROS ASISTENCIALES AFINES;12502;;;;;
8600600164;ESE HOSPITAL SAN FRANCISCO;;12504;;;;;
8600641329;UNIDAD RADIOLOGICA DEL CHICO LTDA;;12506;;;;;
8600667674;CENTRO INTEGRAL DE REHABILITACION DE COL;E COLOMBIA CIREC;12514;;;;;
8600698709;SOCIEDAD INTERDISCIPLINARIA PARA LA SALU;SALUD S A SIGLA SIPLAS SA CENTRO DE M;12518;;;;;
8600718927;FUNDACION CENTRO DE ESTIMULACION NIVELAC;VELACION Y DESARROLLO CEDESNID;12520;;;;;
8600749714;AAAA ACADEMIA ABSCRITA A ASOCIACION DE E;DE ESPECIALISTAS S A S;12524;;;;;
8600763216;FUNDACION LIGA CENTRAL CONTRA LA EPILEPS;ILEPSIA;12525;;;;;
8600905661;CLINICA DEL OCCIDENTE S A;;12530;;;;;
8600915490;ASOCIACION COMUNIDAD TERAPEUTICA DE COLO;COLOMBIA;12534;;;;;
8603506247;MEDICANESTESIA S A;;12539;;;;;
8604005473;SOCIEDAD DE ENFERMERAS PROFESIONALES LTD;S LTDA;12546;;;;;
8604010327;UNIDAD RADIOLOGICA DENTO CRANEO MAXILO F;ILO FACIAL S A;12548;;;;;
8605093230;UNIDAD MEDICO QUIRURGICA DE ORL SAS;;12556;;;;;
8605112341;CLINICA ODONTOLOGICA PARA EL NINO LIMITA;IMITADA C O N LTDA;12557;;;;;
8605306690;CENTRO MAMOGRAFICO S A S;;12565;;;;;
8818625765;EMPRESA SOCIAL DEL ESTADO HOSPITAL SAGRA;SAGRADO CORAZON DE JESUS DE SOCHA;12567;;;;;
8900003810;CAJA DE COMPENSACION FAMILIAR COMFENALCO;NALCO QUINDIO;12568;;;;;
8900004002;HOSPITAL SAN VICENTE ESE MONTENEGRO;;12569;;;;;
8900004485;HOSPITAL SAN VICENTE DE PAUL;;12570;;;;;
8900006009;ESE HOSPITAL LA MISERICORDIA;;12571;;;;;
8900006711;HOSPITAL SAN VICENTE DE PAUL;;12572;;;;;
8900009051;ESE HOSPITAL PIO X;;12573;;;;;
8900009920;E S E HOSPITAL MENTAL FILANDIA QUINDIO;INDIO;12574;;;;;
8900010068;ESE HOSPITAL SAGRADO CORAZON DE JESUS DE;US DE QUIMBAYA;12575;;;;;
8900010985;ESE HOSPITAL SAN VICENTE DE PAUL;;12576;;;;;
8900016051;HOSPITAL SAN ROQUE DE CORDOBA QUINDIO EM;IO EMPRESA SOCIAL DEL ESTADO;12578;;;;;
8900018246;HOSPITAL SANTA ANA DE PIJAO QUINDIO;;12579;;;;;
8901002718;ASOCIACION CLINICA BAUTISTA;;12580;;;;;
8901002757;IPS CLINICA DEL CARIBE;;12581;;;;;
8901020649;CRUZ ROJA COLOMBIANA SECCIONAL ATLaNTICO;NTICO;12584;;;;;
8901021299;FUNDACION MARIO SANTO DOMINGO;;12585;;;;;
8901021400;CLINICA LA ASUNCION;;12586;;;;;
8901027685;ORGANIZACION CLINICA GENERAL DEL;;12587;;;;;
8901030027;EMPRESA SOCIAL DEL ESTADO HOSPITAL DE BA;DE BARANOA;12598;;;;;
8901031279;ESE HOSPITAL DEPARTAMENTAL DE SABANALARG;ALARGA;12600;;;;;
8901034069;ESE HOSPITAL DE PUERTO COLOMBIA;;12601;;;;;
8901107055;CLINICA DE FRACTURAS CENTRO DE ORTOPEDIA;PEDIA Y TRAUMATOLOGIA S A;12607;;;;;
8901117977;CENTRO MEDICO 54 SAS;;12612;;;;;
8901134316;CEDIUL S A;;12617;;;;;
8901156709;IPS CORPORACION CENTRO SAN CAMILO;;12619;;;;;
8901167837;CLINICA OFTALMOLOGICA UNIDAD LASER DEL A;DEL ATLANTICA S A;12621;;;;;
8902005009;EMPRESA SOCIAL DEL ESTADO HOSPITAL PSIQU;PSIQUIaTRICO SAN CAMILO;12629;;;;;
8902009651;E S E HOSPITAL INTEGRADO SAN VICENTE DE;TE DE PAUL;12633;;;;;
8902015787;CAJA DE COMPENSACION FAMILIAR COMFENALCO;NALCO SANTANDER;12637;;;;;
8902017246;E S E EDMUNDO GERMAN ARIAS DUARTE;;12638;;;;;
8902019339;ESE HOSPITAL SAN JUAN DE DIOS DEL MUNICI;UNICIPIO DE GALAN SANTANDER;12639;;;;;
8902020021;ESE HOSPITAL SAN JUAN DE DIOS;;12640;;;;;
8902020243;EMPRESA SOCIAL DEL ESTADO HOSPITAL SAN J;SAN JUAN DE DIOS DE FLORIDABLANCA;12641;;;;;
8902020662;ESE HOSPITAL INTEGRADO SAN ROQUE DE CURI;CURITI;12642;;;;;
8902032221;ESE HOSPITAL SAN JOSE;;12644;;;;;
8902032427;ESE HOSPITAL SAN JUAN DE DIOS DE GIRoN;RoN;12645;;;;;
8902033733;ESE HOSPITAL CAICEDO Y FLOREZ;;12647;;;;;
8902034369;ESE HOSPITAL SAN JUAN DE DIOS DE LEBRIJA;BRIJA;12648;;;;;
8902035518;EMPRESA SOCIAL DEL ESTADO HOSPITAL;;12649;;;;;
8902035636;ESE HOSPITAL SAN RAFAEL;;12650;;;;;
8902038877;ESE HOSPITAL INTEGRADO SAN ROQUE;;12651;;;;;
8902043602;EMPRESA SOCIAL DEL ESTADO SAN ANTONIO;;12652;;;;;
8902045813;ESE HOSPITAL SAN ROQUE DE CHIMA;;12653;;;;;
8902046599;ESE HOSPITAL SAN PEDRO CLAVER DE MOGOTES;GOTES SANTANDER;12654;;;;;
8902047898;E S E HOSPITAL INTEGRADO SAN ANTONIO;IO;12656;;;;;
8902048950;E S E HOSPITAL INTEGRADO SAN JUAN DE CIM;E CIMITARRA;12657;;;;;
8902053352;E S E SANATORIO DE CONTRATACION;;12659;;;;;
8902053614;FUNDACION OFTALMOLOGICA DE SANTANDER F;R FOSCAL;12660;;;;;
8902054565;ESE HOSPITAL INTEGRADO SAN BERNARDO;;12661;;;;;
8902055169;E S E HOSPITAL INTEGRADO DE LANDAZURI;RI;12662;;;;;
8902056554;ESE HOSPITAL SAN JOSE;;12665;;;;;
8902087588;CLINICA MATERNO INFANTIL SAN LUIS S A;A;12669;;;;;
8902096989;CLINICA CHICAMOCHA S A;;12671;;;;;
8902102229;ESE HOSPITAL SAN RAFAEL DE MATANZA;;12673;;;;;
8902106199;CRUZ ROJA COLOMBIANA SECCIONAL SANTANDER;ANDER;12674;;;;;
8902117224;CLINICA SAN PABLO SA;;12675;;;;;
8903005133;CLINICA DE OCCIDENTE SA;;12682;;;;;
8903005165;CLINICA SAN FERNANDO S A;;12683;;;;;
8903014305;CLINICA NUESTRA SENORA DE LOS REMEDIOS;IOS;12686;;;;;
8903032085;CAJA DE COMPENSACION FAMILIAR DEL;;12689;;;;;
8903033954;INSTITUTO PARA NINOS CIEGOS Y SORDOS DEL;;12690;;;;;
8903034612;HOSPITAL UNIVERSITARIO DEL VALLE EVARIS;VARISTO GARCIA E S E;12692;;;;;
8903038418;HOSPITAL DE SAN JUAN DE DIOS;;12693;;;;;
8903041558;HOSPITAL DEPARTAMENTAL PSIQUIATRICO UNIV;UNIVERSITARIO DEL VALLE E S E;12694;;;;;
8903054969;HOSPITAL LOCAL JOSE RUFINO VIVAS ESE;;12695;;;;;
8903069506;ESE HOSPITAL PILOTO JAMUNDI;;12697;;;;;
8903072005;CENTRO MEDICO IMBANACO DE CALI S A;;12699;;;;;
8903075341;LA OPTICA DEL NORTE LTDA;;12701;;;;;
8903123802;ESE HOSPITAL SAN JORGE;;12708;;;;;
8903161718;CENTRO ELECTRO AUDITIVO NACIONAL AL SERV;SERVICIO DE LA REHABILITACION SAS;12713;;;;;
8903241775;FUNDACION VALLE DEL LILI;;12722;;;;;
8903990201;FUNDACION CLINICA INFANTIL CLUB NOEL;L;12729;;;;;
8903990478;HOSPITAL DEPARTAMENTAL MARIO CORREA RENJ;RENJIFO;12730;;;;;
8904006931;CLINICA BLAS DE LEZO S A;;12731;;;;;
8904034912;CENTRO OPTICO LEMUS FARAH;;12733;;;;;
8904801131;HOSPITAL REGIONAL NUESTRA SENORA DE LAS;LAS MERCEDES DE COROZAL E S E;12738;;;;;
8904801353;FUNDACION HOSPITAL INFANTIL NAPOLEON FRA;N FRANCO PAREJA;12739;;;;;
8905000607;CLINICA SANTA ANA S A;;12745;;;;;
8905003095;CLINICA NORTE S A;;12747;;;;;
8905005163;CAJA DE COMPENSACION FAMILIAR DE NORTE;;12748;;;;;
8905008104;ESE HOSPITAL MENTAL RUDESINDO SOTO;;12751;;;;;
8905010199;ESE HOSPITAL SAN JUAN DE DIOS DE PAMPLON;MPLONA;12753;;;;;
8905014381;ESE HOSPITAL EMIRO QUINTERO CANIZAREZ;EZ;12754;;;;;
8905057551;OPTICA CIENTIFICA Y CIA LTDA;;12761;;;;;
8906012109;SOCIEDAD DE ESPECIALISTAS DE GIRARDOT S;OT S A S;12764;;;;;
8906800149;SANATORIO DE AGUA DE DIOS E S E;;12765;;;;;
8906800251;E S E HOSPITAL SAN RAFAEL DE FUSAGASUGA;ASUGA;12766;;;;;
8906800274;E S E HOSPITAL PEDRO LEON ALVAREZ DIAZ;DIAZ;12767;;;;;
8906800314;E S E HOSPITAL SAN ANTONIO DE ARBELAEZ;LAEZ;12768;;;;;
8906800321;EMPRESA SOCIAL DEL ESTADO HOSPITAL SAN F;SAN FRANCISCO DE VIOTA;12769;;;;;
8906800339;E S E HOSPITAL MARCO FELIPE AFANADOR DE;OR DE TOCAIMA;12770;;;;;
8907001484;CAJA DE COMPENSACION FAMILIAR DE FENALCO;NALCO DEL TOLIMA;12771;;;;;
8907005684;HOSPITAL SAN RAFAEL EMPRESA SOCIAL DEL E;DEL ESTADO;12772;;;;;
8907006944;HOSPITAL MARIA INMACULADA E S E;;12774;;;;;
8907009014;HOSPITAL SAN VICENTE DE PAUL;;12775;;;;;
8907009078;HOSPITAL SAN ANTONIO E S E;;12776;;;;;
8907009671;HOSPITAL SAN JOSE ESE;;12777;;;;;
8907010101;HOSPITAL SANTA BARBARA E S E;;12778;;;;;
8907010330;HOSPITAL SAN RAFAEL EMPRESA SOCIAL DEL;L DEL ESTADO;12779;;;;;
8907010781;HOSPITAL SANTA LUCIA;;12780;;;;;
8907013002;HOSPITAL SAN CARLOS ESE SALDANA TOLIMA;IMA;12781;;;;;
8907013532;NUEVO HOSPITAL LA CANDELARIA EMPRESA;;12782;;;;;
8907014358;HOSPITAL SANTA LUCIA EMPRESA SOCIAL DEL;DEL ESTADO;12783;;;;;
8907014594;HOSPITAL SAN JUAN BAUTISTA ESE;;12784;;;;;
8907014903;HOSPITAL SAN VICIENTE DE PAUL ESE;;12785;;;;;
8907015435;HOSPITAL CARLOS TORRENTE LLANO;;12786;;;;;
8907017155;HOSPITAL SAN ANTONIO E S E;;12787;;;;;
8907017187;HOSPITAL REGIONAL DEL LIBANO ESE;;12788;;;;;
8907019223;HOSPITAL LA MISERICORDIA E S E;;12789;;;;;
8907020801;HOSPITAL FEDERICO ARBELAEZ EMPRESA SOCIA;SOCIAL DEL ESTADO;12790;;;;;
8907021903;HOSPITAL SUMAPAZ E S E;;12791;;;;;
8907022410;HOSPITAL NUESTRA SENORA DEL CARMEN;;12792;;;;;
8907023694;E S E HOSPITAL PASTEUR MELGAR TOLIMA;MA;12794;;;;;
8907024083;HOSPITAL SAN ANTONIO DE AMBALEMA;;12795;;;;;
8907024764;HOSPITAL LA MILAGROSA EMPRESA SOCIAL DEL;L DEL ESTADO;12796;;;;;
8907032669;HOSPITAL NUESTRA SENORA DE LOURDES;;12797;;;;;
8907036307;SOCIEDAD MeDICOQUIRuRGICA DEL TOLIMA SOC;A SOCIEDAD ANoNIMA Y/O CLiNICA TOLIMA S;12799;;;;;
8907044953;HOSPITAL SAN ROQUE EMPRESA SOCIAL DEL ES;EL ESTADO NIVEL I;12801;;;;;
8907045059;HOSPITAL ISMAEL PERDOMO EMPRESA SOCIAL D;IAL DEL ESTADO;12802;;;;;
8907045557;HOSPITAL CENTRO NIVEL I PLANADAS;;12803;;;;;
8907060673;HOSPITAL SAN JOSE E S E;;12807;;;;;
8907068235;HOSPITAL REINA SOFIA DE ESPANA DE LERIDA;ERIDA TOLIMA;12808;;;;;
8907068339;HOSPITAL FEDERICO LLERAS ACOSTA E S E;E;12809;;;;;
8907070599;HOSPITAL SAN FRANCISCO EMPRESA SOCIAL DE;AL DEL ESTADO;12811;;;;;
8908010268;HOSPITAL DEPARTAMENTAL FELIPE SUAREZ ESE;Z ESE;12812;;;;;
8908010354;HOSPITAL SAN JOSE DE AGUADAS ESE;;12813;;;;;
8908010995;HOSPITAL SANTA SOFIA DE CALDAS ESE;;12814;;;;;
8908011607;HERMANAS DE LA CARIDAD DOMINICAS DE LA P;LA PRESENTACION DE LA SANTISIMA VIRGEN;12815;;;;;
8908012010;CRUZ ROJA COLOMBIANA SECCIONAL CALDAS;AS;12816;;;;;
8908012350;HOSPITAL SAN RAFAEL;;12817;;;;;
8908012748;ESE MUNICIPAL HOSPITAL SAN CAYETANO DE M;DE MARQUETALIA;12818;;;;;
8908014959;CLINICA PSIQUIATRICA SAN JUAN DE DIOS;OS;12819;;;;;
8908015172;E S E HOSPITAL SANTA TERESITA DE PACORA;CORA;12820;;;;;
8908015624;ESE HOSPITAL DEPARTAMENTAL SAN JOSE DE N;DE NEIRA;12821;;;;;
8908016994;ESE HOSPITAL SAN ANTONIO DE MANZANARES C;RES CALDAS;12822;;;;;
8908017193;ESE HOSPITAL LOCAL SAN JUAN DE DIOS;;12823;;;;;
8908017580;ESE HOSPITAL SAN LORENZO DE SUPIA;;12824;;;;;
8908019444;ESE DEPARTAMENTAL HOSPITAL SAN ANTONIO D;NIO DE VILLAMARIA;12825;;;;;
8908019895;HOSPITAL DEPARTAMENTAL SAN JUAN;;12826;;;;;
8908020366;ESE HOSPITAL SAN MARCOS;;12827;;;;;
8908022181;ESE HOSPITAL DEPARTAMENTAL SAN VICENTE D;NTE DE PAUL;12828;;;;;
8908022237;ESE HOSPITAL SAN BERNARDO;;12829;;;;;
8908023568;CORPORACION ALBERTO ARANGO RESTREPO CEDE;CEDER;12830;;;;;
8908026286;ESE HOSPITAL DEPARTAMENTAL SAN SIMON DE;N DE VICTORIA;12832;;;;;
8908029614;ESE HOSPITAL SAN JOSE DE SAMANA;;12833;;;;;
8908029789;ESE HOSPITAL SAN JOSE;;12834;;;;;
8908052033;ESE HOSPITAL LA MERCED;;12837;;;;;
8908059238;INSTITUTO OFTALMOLOGICO DE CALDAS S A;A;12840;;;;;
8908075915;SERVICIOS ESPECIALES DE SALUD;;12842;;;;;
8909005184;FUNDACION HOSPITALARIA SAN VICENTE;;12843;;;;;
8909018262;HOSPITAL PABLO TOBON URIBE;;12855;;;;;
8909021514;ESE HOSPITAL SANTA ISABEL;;12856;;;;;
8909029226;UNIVERSIDAD PONTIFICIA BOLIVARIANA;;12857;;;;;
8909037779;SOCIEDAD MEDICA ANTIOQUENA S A SOMA;A;12860;;;;;
8909046467;HOSPITAL GENERAL DE MEDELLIN LUZ CASTR;CASTRO DE GUTIERREZ;12863;;;;;
8909050978;ESE HOSPITAL FRANCISCO ELADIO BARRERA;RA;12865;;;;;
8909051541;CLINICA SAN JUAN DE DIOS LA CEJA;;12866;;;;;
8909051668;ESE HOSPITAL MENTAL DE ANTIOQUIA;;12867;;;;;
8909051779;ESE HOSPITAL LA MARIA;;12868;;;;;
8909051937;ESE HOSPITAL SAN VICENTE DE PAUL;;12869;;;;;
8909051983;EMPRESA SOCIAL DEL ESTADO HOSPITAL SANTA;SANTAMARIA;12870;;;;;
8909058436;COMUNIDAD DE HERMANAS DOMINICAS DE LA PR;LA PRESENTACION DE LA SANTISIMA VIRGEN D;12871;;;;;
8909062116;E S E HOSPITAL MUNICIPAL SAN ROQUE;;12872;;;;;
8909063461;ESE HOSPITAL SAN FERNANDO;;12874;;;;;
8909063479;E S E HOSPITAL MANUEL URIBE ANGEL;;12875;;;;;
8909065601;ESE HOSPITAL SAN RAFAEL DE SANTO DOMINGO;MINGO;12876;;;;;
8909069668;EMPRESA SOCIAL DEL ESTADO MARCO A CARDO;CARDONA;12889;;;;;
8909069912;EMPRESA SOCIAL DEL ESTADO HOSPITAL MARIA;MARIA ANTONIA TORO DE ELEJALDE;12890;;;;;
8909072151;ESE HOSPITAL SAN VICENTE DE PAuL;;12891;;;;;
8909072411;ESE HOSPITAL LA MERCED;;12892;;;;;
8909072547;HOSPITAL SAN JUAN DE DIOS E S E RIONEGRO;NEGRO ANTIOQUIA;12893;;;;;
8909072790;EMPRESA SOCIAL DEL ESTADO HOSPITAL SAN J;SAN JUAN DE DIOS;12894;;;;;
8909072973;ESE HOSPITAL SAN JUAN DE DIOS;;12895;;;;;
8909118161;CLINICA MEDELLIN SA;;12898;;;;;
8909253369;CLINICA DE CIRUGIA AMBULATORIA CONQUISTA;UISTADORES S A;12906;;;;;
8909300712;ESCANOGRAFiA NEUROLoGICA S A;;12910;;;;;
8909334084;CLINICA OFTALMOLOGICA DE ANTIOQUIA SA;;12915;;;;;
8909337261;SERVICIOS MEDICOS SAN IGNACIO S A S;;12916;;;;;
8909387748;CLINICA DEL PRADO S A;;12924;;;;;
8909399369;SOCIEDAD MEDICA RIONEGRO SA;;12927;;;;;
8909428322;LABORATORIO CLINICO HEMATOLOGICO S A;A;12931;;;;;
8909800035;EMPRESA SOCIAL DEL ESTADO SAN JUAN DE DI;DE DIOS;12933;;;;;
8909800669;ESE HOSPITAL SAN RAFAEL ITAGUI;;12934;;;;;
8909801818;ESE HOSPITAL DE SANTA LUCIA;;12937;;;;;
8909803269;ESE HOSPITAL SAN JUAN DE DIOS;;12938;;;;;
8909803466;ESE HOSPITAL SAN JUAN DE DIOS;;12939;;;;;
8909803670;ESE HOSPITAL SAN RAFAEL;;12940;;;;;
8909804441;EMPRESA SOCIAL DEL ESTADO HOSPITAL SAN A;SAN ANTONIO;12941;;;;;
8909804869;EMPRESA SOCIAL DEL ESTADO HOSPITAL SAN J;SAN JUAN DE DIOS;12943;;;;;
8909806439;HOSPITAL SAN JUAN DE DIOS DE ABEJORRAL;RAL;12945;;;;;
8909807279;ESE HOSPITAL SAN RAFAEL;;12946;;;;;
8909807326;ESE HOSPITAL GABRIEL PELAEZ MONTOYA;;12947;;;;;
8909807523;ESE HOSPITAL SAN JUAN DE DIOS;;12948;;;;;
8909807571;ESE HOSPITAL CESAR URIBE PIEDRAHITA;;12949;;;;;
8909807587;ESE HOSPITAL DE LA CEJA;;12950;;;;;
8909807659;NUEVA ESE HOSPITAL SAN RAFAEL JERICO;O;12951;;;;;
8909807849;ESE HOSPITAL SAN CARLOS;;12952;;;;;
8909808141;EMPRESA SOCIAL DEL ESTADO HOSPITAL SAN R;SAN RAFAEL;12953;;;;;
8909808284;ESE HOSPITAL SAN JUAN DIOS;;12954;;;;;
8909808403;ESE HOSPITAL SAN JUAN DE DIOS;;12955;;;;;
8909808553;EMPRESA SOCIAL DEL ESTADO HOSPITAL SAN J;SAN JUAN DE DIOS;12956;;;;;
8909808664;ESE HOSPITAL SAN ROQUE;;12957;;;;;
8909809497;ESE HOSPITAL SANTA MARGARITA;;12958;;;;;
8909809711;EMPRESA SOCIAL DEL ESTADO IVAN RESTREPO;REPO GOMEZ;12960;;;;;
8909809970;EMPRESA SOCIAL DEL ESTADO HOSPITAL MARIA;MARIA AUXILIADORA;12961;;;;;
8909811084;ESE HOSPITAL SAN JUAN DE DIOS DE COCORNA;CORNA;12964;;;;;
8909811378;EMPRESA SOCIAL DEL ESTADO HOSPITAL FRANC;FRANCISCO VALDERRAMA;12965;;;;;
8909811631;ESE HOSPITAL SAN ANTONIO;;12966;;;;;
8909811821;ESE HOSPITAL PADRE CLEMENTE GIRALDO;;12967;;;;;
8909812684;ESE HOSPITAL LA ANUNCIACION;;12969;;;;;
8909813747;FUNDACION INSTITUTO NEUROLOGICO DE COLOM;COLOMBIA;12970;;;;;
8909814247;ESE HOSPITAL SAN JOSE;;12971;;;;;
8909815363;EMPRESA SOCIAL DEL ESTADO HOSPITAL SAN R;SAN RAFAEL DE YOLOMBO;12974;;;;;
8909815618;ESE HOSPITAL SAN VICENTE DE PAUL;;12975;;;;;
8909816521;ESE HOSPITAL SAN JOAQUIN NARINO ANTIOQUI;IOQUIA;12977;;;;;
8909817194;ESE HOSPITAL NUESTRA SENORA DE LA CANDEL;ANDELARIA;12979;;;;;
8909817266;ESE HOSPITAL SAN JUAN DE DIOS YARUMAL;AL;12980;;;;;
8909818178;ESE HOSPITAL LA INMACULADA;;12981;;;;;
8909818486;ESE HOSPITAL SAN LUIS BELTRAN;;12982;;;;;
8909818519;EMPRESA SOCIAL DEL ESTADO HOSPITAL SAN J;SAN JULIAN;12983;;;;;
8909820912;ESE HOSPITAL SAN RAFAEL;;12986;;;;;
8909821018;E S E HOSPITAL EL CARMEN;;12987;;;;;
8909821136;EMPRESA SOCIAL DEL ESTADO HOSPITAL GUSTA;GUSTAVO GONZALEZ OCHOA;12988;;;;;
8909821247;ESE HOSPITAL SAN JUAN DE DIOS;;12990;;;;;
8909821340;ESE HOSPITAL PEDRO NEL CARDONA DE ARBOLE;RBOLETES;12991;;;;;
8909821397;EMPRESA SOCIAL DEL ESTADO HOSPITAL SAN L;SAN LORENZO;12994;;;;;
8909821530;EMPRES SOCIAL DEL ESTADO HOSPITAL SAN MA;AN MARTIN DE PORRES;12996;;;;;
8909821824;EMPRESA SOCIAL DEL ESTADO HOSPITAL SAN P;SAN PABLO;12998;;;;;
8909821849;EMPRESA SOCIAL DEL ESTADO HORACIO MUNOZ;UNOZ SUESCUN;13000;;;;;
8909822641;ESE HOSPITAL SAN JUAN DE DIOS;;13001;;;;;
8909823702;EMPRESA SOCIAL DEL ESTADO HOSPITAL;;13002;;;;;
8909824306;EMPRESA SOCIAL DEL ESTADO HOSPITAL ISABE;ISABEL LA CATOLICA;13003;;;;;
8909826081;CORPORACION PARA ESTUDIOS EN SALUD CLINI;CLINICA CES;13005;;;;;
8909837383;HOSPITAL DEL MUNICIPIO DE SAN VICENTE AN;TE ANTIOQUIA;13007;;;;;
8909838439;ESE HOSPITAL SAN ANTONIO;;13010;;;;;
8909839942;FUNDACION SANTA MARIA;;13011;;;;;
8909841561;CENTRO DE INVESTIGACIONES MeDICAS DE ANT;E ANTIOQUIA;13013;;;;;
8909846706;EMPRESA SOCIAL DEL ESTADO HOSPITAL;;13015;;;;;
8909850923;EMPRESA SOCIAL DEL ESTADO HOSPITAL SAN V;SAN VICENTE DE PAUL;13019;;;;;
8909856037;ESE HOSPITAL SAN SEBASTIAN DE URABA;;13022;;;;;
8909856607;ESE HOSPITAL OSCAR EMIRO VERGARA CRUZ;;13023;;;;;
8909857035;ESE HOSPITAL MARCO FIDEL SUAREZ;;13024;;;;;
8909858105;EMPRESA SOCIAL DEL ESTADO HOSPITAL;;13025;;;;;
8910004994;E S E HOSPITAL SAN JOSE DE SAN BERNARDO;ARDO DEL VIENTO;13027;;;;;
8910007365;E S E HOSPITAL SAN NICOLAS;;13030;;;;;
8910011228;CLINICA MONTERIA S A;;13031;;;;;
8910799995;ESE HOSPITAL SAN JERONIMO DE MONTERIA;;13032;;;;;
8910800155;EMPRESA SOCIAL DEL ESTADO HOSPITAL SANDI;SANDIEGO DE CERETE;13033;;;;;
8911038896;ESE HOSPITAL SANTA TERESA;;13036;;;;;
8911039681;EMPRESA SOCIAL DEL ESTADO HOSPITAL MARIA;MARIA AUXILIADORA;13037;;;;;
8911800265;HOSPITAL DEPARTAMENTAL SAN VICENTE DE PA;DE PAUL DE GARZON;13040;;;;;
8911800390;ESE HOSPITAL DEL ROSARIO;;13041;;;;;
8911800652;ESE HOSPITAL SAN ANTONIO;;13042;;;;;
8911800914;EMPRESA SOCIAL DEL ESTADO HOSPITAL SAN F;SAN FRANCISCO DE ASIS;13043;;;;;
8911800985;HOSPITRAL DEPARTAMENTAL HOSPITAL MARIA I;RIA INMACULADA ESE;13044;;;;;
8911801138;ESE HOSPITAL ARSENIO REPIZO VANEGAS;;13045;;;;;
8911801177;ESE HOSPITAL DEPARTAMENTAL SAN ANTONIO D;NIO DE PADUA;13046;;;;;
8911801342;ESE HOSPITAL DEPARTAMENTAL SAN ANTONIO D;NIO DE PITALITO;13047;;;;;
8911801478;ESE HOSPITAL MUNICIPAL SAN ANTONIO DE EL;DE EL AGRADO;13048;;;;;
8911801596;ESE HOSPITAL TULIA DURAN DE BORRERO;;13049;;;;;
8911801905;ESE HOSPITAL NUESTRA SENORA DE FATIMA DE;MA DE SUAZA;13050;;;;;
8911801983;ESE HOSPITAL MUNICIPAL SAN ANTONIO;;13051;;;;;
8911802326;E S E HOSPITAL SAN ANTONIO DE TARQUI;I;13052;;;;;
8911802381;ESE HOSPITAL SAN CARLOS;;13053;;;;;
8911802627;CRUZ ROJA COLOMBIANA SECCIONAL HUILA;A;13054;;;;;
8911802680;HOSPITAL UNIVERSITARIO HERNANDO MONCALEA;CALEANO PERDOMO;13055;;;;;
8911900118;E S E HOSPITAL SAN RAFAEL;;13056;;;;;
8912000327;CLINICA NUESTRA SEÑORA DE FATIMA S.A;;13059;;;;;
8912002093;FUNDACION HOSPITAL SAN PEDRO;;13060;;;;;
8912002402;HOSPITAL INFANTIL LOS ANGELES;;13061;;;;;
8912002480;ESE HOSPITAL CLARITA SANTOS DE SANDONA;ONA;13062;;;;;
8912003726;CRUZ ROJA COLOMBIANA SECCIONAL NARINO;NO;13064;;;;;
8912004455;E S E HOSPITAL SAN ANTONIO DE BARBACOAS;ACOAS;13065;;;;;
8912005288;E S E HOSPITAL UNIVERSITARIO DEPARTAMEN;TAMENTAL DE NARINO;13066;;;;;
8912005439;HOSPITAL SAN CARLOS E S E;;13067;;;;;
8912006222;ESE HOSPITAL LORENCITA VILLEGAS DE SANTO;SANTOS;13068;;;;;
8912006791;EMPRESA SOCIAL DEL ESTADO HOSPITAL JOSE;;13070;;;;;
8912009528;E S E HOSPITAL EDUARDO SANTOS;;13071;;;;;
8912011082;HOSPITAL SAGRADO CORAZoN DE JESuS EMPRES;MPRESA SOCIAL DEL ESTADO DE EL CHARCO;13073;;;;;
8912014102;HOSPITAL EL BUEN SAMARITANO E S E LA CR;LA CRUZ;13074;;;;;
8912015780;SERVICIOS AEREOS PANAMERICANOS SAS;;13075;;;;;
8912018452;ESE HOSPITAL PiO XII;;13076;;;;;
8913000476;CLINICA PALMIRA S A;;13079;;;;;
8913800460;HOSPITAL SAN ROQUE;;13085;;;;;
8913800541;FUNDACION HOSPITAL SAN JOSE DE BUGA;;13087;;;;;
8913800557;HOSPITAL BENJAMIN BARNEY GASCA;;13088;;;;;
8913800708;ESE HOSPITAL DEL ROSARIO;;13089;;;;;
8913801032;ESE HOSPITAL SAN RAFAEL;;13090;;;;;
8913801849;ESE HOSPITAL LOCAL;;13091;;;;;
8914013087;E S E HOSPITAL NAZARETH DE QUINCHiA;A;13092;;;;;
8914016431;EMPRESA SOCIAL DEL ESTADO HOSPITAL SAN P;SAN PEDRO Y SAN PABLO;13093;;;;;
8914017778;E S E HOSPITAL SAN VICENTE D PAUL;;13095;;;;;
8914080314;CRUZ ROJA COLOMBIANA SECCIONAL RISARALDA;RALDA IPS;13096;;;;;
8914085861;LIGA CONTRA EL CANCER SECCIONAL;;13097;;;;;
8914087479;ESE HOSPITAL SAN JOSE MARSELLA;;13098;;;;;
8914088517;ANALIZAR LABORATORIO CLINICO AUTOMATIZAD;TIZADO S A S;13099;;;;;
8914089181;EMPRESA SOCIAL DEL ESTADO HOSPITAL SAN J;SAN JOSE;13101;;;;;
8914090175;E S E HOSPITAL SAN VICENTE DE PAUL APIA;APIA;13103;;;;;
8914090254;ESE HOSPITAL SAN RAFAEL;;13104;;;;;
8914093908;RADIOLOGOS ASOCIADOS SAS;;13106;;;;;
8914099810;CLINICA LOS ROSALES S A;;13108;;;;;
8914106610;E S E HOSPITAL SANTA ANA;;13109;;;;;
8914113818;LABORATORIO CLINICO PATOLOGICO LOPEZ COR;Z CORREA S A;13110;;;;;
8914116631;ESE HOSPITAL SANTA MoNICA;;13111;;;;;
8914116654;ESE HOSPITAL CRISTO REY;;13112;;;;;
8914121260;ESE HOSPITAL SAN VICENTE DE PAUL;;13114;;;;;
8914121341;ESE HOSPITAL MENTAL UNIVERSITARIO;;13115;;;;;
8914129234;CLINICA MARANON SAS;;13116;;;;;
8914800001;CAJA DE COMPENSACION FAMILIAR;;13117;;;;;
8914800366;E S E HOSPITAL SAN VICENTE DE PAUL;;13118;;;;;
8915000847;HOSPITAL FRANCISCO DE PAULA SANTANDER;;13119;;;;;
8915007360;E S E HOSPITAL NIVEL I EL BORDO;;13122;;;;;
8915011040;EMPRESA SOCIAL DEL ESTADO HOSPITAL DE EL;DE EL TAMBO CAUCA;13123;;;;;
8915016761;ESE HOSPITAL SUSANA LOPEZ DE VALENCIA;IA;13124;;;;;
8915800025;HOSPITAL UNIVERSITARIO SAN JOSE DE POPAY;POPAYAN E S E;13127;;;;;
8916800475;ESE HOSPITAL DEPARTAMENTAL SAN FRANCISCO;CISCO DE ASIS;13130;;;;;
8916800658;EMPRESA SOCIAL DEL ESTADO HOSPITAL SAN R;SAN ROQUE;13131;;;;;
8917016641;SOCIEDAD MEDICA DE SANTA MARTA S A CL;CLINICA EL PRADO;13133;;;;;
8917800087;E S E HOSPITAL SAN RAFAEL;;13135;;;;;
8917801852;HOSPITAL UNIVERSITARIO FERNANDO TROCONIS;CONIS;13136;;;;;
8918000235;CLINICA TUNDAMA S A;;13137;;;;;
8918002310;EMPRESA SOCIAL DEL ESTADO HOSPITAL SAN R;SAN RAFAEL TUNJA;13139;;;;;
8918003358;EMPRESA SOCIAL DEL ESTADO HOSPITAL SANTA;SANTA MARTA DE SAMACA;13140;;;;;
8918003951;HOSPITAL REGIONAL DE MONIQUIRA ESE;;13141;;;;;
8918005702;EMPRESA SOCIAL DEL ESTADO HOSPITAL JOSE;JOSE CAYETANO VASQUEZ;13142;;;;;
8918006116;EMPRESA SOCIAL DEL ESTADO HOSPITAL;;13143;;;;;
8918006449;ESE HOSPITAL SAN VICENTE DE RAMIRIQUI;UI;13144;;;;;
8918008570;EMPRESA SOCIAL DEL ESTADO HOSPITAL BAUDI;BAUDILIO ACERO;13145;;;;;
8918009063;ESE HOSPITAL SAN FRANCISCO DE VILLA DE L;DE LEYVA;13146;;;;;
8918009823;EMPRESA SOCIAL DEL ESTADO CENTRO DE REHA;REHABILITACION INTEGRAL DE BOYACA;13147;;;;;
8918019409;CRUZ ROJA COLOMBIANA SECCIONAL BOYACA;CA;13149;;;;;
8918550295;HOSPITAL REGIONAL LA ORINOQUIA ESE;;13150;;;;;
8918550399;HOSPITAL REGIONAL DE SOGAMOSO EMPRESA SO;SA SOCIAL DEL ESTADO;13151;;;;;
8918554391;E S E HOSPITAL ANDRES GIRARDOT DE GUICA;GUICAN;13154;;;;;
8918557199;ESE HOSPITAL SAN JOSE DEL COCUY;;13156;;;;;
8918558473;SOCIEDAD CLINICA CASANARE LTDA;;13157;;;;;
8918561614;CLINICA EL LAGUITO S A;;13158;;;;;
8918563721;CLINICA DE ESPECIALISTAS LTDA;;13159;;;;;
8918565079;SOCIEDAD CLINICA BOYACA LIMITADA;;13160;;;;;
8919003436;HOSPITAL DEPARTAMENTAL SAN ANTONIO;;13161;;;;;
8919003561;ESE HOSPITAL SANTANDER;;13162;;;;;
8919003619;HOSPITAL SAGRADA FAMILIA ESE;;13163;;;;;
8919003672;HOSPITAL GONZALO CONTRERAS EMPRESA;;13164;;;;;
8919003902;HOSPITAL SAN VICENTE FERRER ESE;;13165;;;;;
8919004140;HOSPITAL SANTA ANA ESE;;13166;;;;;
8919004387;HOSPITAL SAN VICENTE DE PAUL;;13167;;;;;
8919004411;ESE HOSPITAL DEPARTAMENTAL SAN RAFAEL;;13168;;;;;
8919004466;HOSPITAL SANTA ANA DE LOS CABALLEROS;;13169;;;;;
8919004814;ESE HOSPITAL NUESTRA SENORA DE LOS SANTO;SANTOS;13170;;;;;
8919006502;HOSPITAL SAN BERNABE ESE;;13171;;;;;
8919007328;HOSPITAL KENNEDY ESE;;13172;;;;;
8919008870;ESE HOSPITAL SANTA CATALINA;;13173;;;;;
8919010411;ESE HOSPITAL LOCAL DE OBANDO;;13174;;;;;
8919011015;HOSPITAL PIO XII ESE;;13177;;;;;
8919011237;E S E HOSPITAL SANTA CRUZ;;13178;;;;;
8919011584;HOSPITAL DPTAL TOMAS URIBE URIBE;;13179;;;;;
8919012962;HOSPITAL SANTA LUCIA ESE DE EL DOVIO VAL;O VALLE;13180;;;;;
8919017458;ESE HOSPITAL SAN JOSE;;13183;;;;;
8919821297;E S E HOSPITAL SAN JUAN DE DIOS VALDIVIA;DIVIA;13186;;;;;
8920002644;HOSPITAL MUNICIPAL DE ACACIAS ESE;;13187;;;;;
8920004017;INVERSIONES CLINICA DEL META S A;;13188;;;;;
8920004586;HOSPITAL LOCAL DE SAN MARTIN ESE;;13189;;;;;
8920005015;HOSPITAL DEPARTAMENTAL DE VILLAVICENCIO;NCIO;13190;;;;;
8920015881;CLINICA MARTHA S A;;13191;;;;;
8920019908;E S E HOSPITAL NUESTRA SENORA DEL PILAR;PILAR DE MEDINA;13192;;;;;
8921150097;EMPRESA SOCIAL DEL ESTADO HOSPITAL NUEST;NUESTRA SENORA DE LOS REMEDIOS;13201;;;;;
8921150105;HOSPITAL SAN RAFAEL NIVEL II;;13202;;;;;
8921150968;SOCIEDAD MEDICA CLINICA RIOHACHA SAS;S;13203;;;;;
8921201151;ESE HOSPITAL SAN JOSE DE MAICAO;;13207;;;;;
8921700021;HOSPITAL SAN AGUSTIN DE FONSECA;;13208;;;;;
8922002739;CLINICA LAS PENITAS S A S;;13209;;;;;
8922800331;HOSPITAL UNIVERSITARIO DE SINCELEJO E S;E S E;13213;;;;;
8923001754;HOSPITAL REGIONAL SAN ANDRES ESE;;13214;;;;;
8923001793;HOSPITAL INMACULADA CONCEPCION ESE;;13215;;;;;
8923002096;ESE HOSPITAL TAMALAMEQUE;;13216;;;;;
8923003435;HOSPITAL SAN JOSE ESE;;13218;;;;;
8923003585;E S E HOSPITAL AGUSTIN CODAZZI;;13219;;;;;
8923003879;HOSPITAL OLAYA HERRERA;;13220;;;;;
8923004458;ESE HOSPITAL REGIONAL DE AGUACHICA JOSE;JOSE DAVID PADILLA VILLAFANE;13221;;;;;
8923007081;CLINICA VALLEDUPAR S A;;13222;;;;;
8923009799;CLINICA DEL CESAR S A;;13224;;;;;
8923999945;HOSPITAL ROSARIO PUMAREJO DE LOPEZ EMP;EMPRESA SOCIAL DEL ESTADO;13225;;;;;
8924007365;SERVICIO MEDICO LTDA;;13226;;;;;
8999990174;SOCIEDAD DE CIRUGIA DE BOGOTA;;13227;;;;;
8999990325;ESE HOSPITAL UNIVERSITARIO DE LA SAMARIT;MARITANA;13234;;;;;
8999991237;FUNDACION HOSPITAL DE LA MISERICORDIA;;13237;;;;;
8999991473;E S E HOSPITAL EL SALVADOR;;13238;;;;;
8999991506;E S E HOSPITAL SANTA BARBARA DE VERGARA;RGARA;13239;;;;;
8999991561;E S E HOSPITAL SAN ANTONIO CHIA;;13241;;;;;
8999991584;ESE HOSPITAL SAN ANTONIO;;13242;;;;;
8999991617;ESE HOSPITAL HABACUC CALDERON DE CARMEN;RMEN DE CARUPA;13243;;;;;
8999991631;E S E HOSPITAL SAN FRANCISCO DE GACHETA;CHETA;13244;;;;;
8999991649;ESE HOSPITAL NUESTRA SENORA DEL;;13245;;;;;
8999991656;EMPRESA SOCIAL DEL ESTADO HOSPITAL SAN J;SAN JOSE;13246;;;;;
9000004276;E S E POLICLINICO DE JUNIN;;13249;;;;;
9000040597;HOSPITAL DE CASTILLA LA NUEVA ESE;;13255;;;;;
9000048940;HOSPITAL REGIONAL SEGUNDO NIVEL DE ATENC;ATENCIoN VALLE DE TENZA E S E;13257;;;;;
9000050670;ESE NUESTRA SENORA DE LAS NIEVES;;13259;;;;;
9000059556;EVALUAMOS IPS LTDA;;13262;;;;;
9000060374;EMPRESA SOCIAL DEL ESTADO HOSPITAL UNIVE;UNIVERSITARIO DE SANTANDER;13264;;;;;
9000078604;UNIDAD DE SEGUIMIENTO DEL RECIEN NACIDO;CIDO DE ALTO RIESGO I P S USRENAR LTDA;13275;;;;;
9000083281;CLINICA INTEGRAL DE EMERGENCIAS LAURA DA;RA DANIELA S A;13279;;;;;
9000088820;CENTRO DE MOVIMIENTO EJERCICIO Y REHABIL;HABILITACION S A S;13282;;;;;
9000090805;DENTISANA SAS;;13284;;;;;
9000107915;CENTRO DE INVESTIGACIONES EN EPILEPSIA L;SIA LTDA;13289;;;;;
9000124049;CLINICA AYNAN LTDA;;13301;;;;;
9000133812;SOCIEDAD MEDICA DE ESPECIALISTAS DIAGNOS;AGNOSTICO E IMAGENOLOGIA MEDSALUD LIMITA;13306;;;;;
9000144356;ODONTOMEDIC IPS SAS;;13316;;;;;
9000157799;SOCIEDAD DE HEMODINAMIA SANTA MARIA S A;S A S;13323;;;;;
9000165987;INSTITUTO CARDIOVASCULAR DEL CESAR S A;S A;13326;;;;;
9000180455;SERVICIOS INTEGRALES DE SALUD DEL MAGDAL;AGDALENA SAS;13337;;;;;
9000217881;CLINICA DE LA AMAZONIA IPS LTDA;;13358;;;;;
9000299194;CLINISONRISA CLINICAS ODONTOLOGICAS LTDA;LTDA;13401;;;;;
9000308141;UNIDADES MOVILES DE SALUD MOVISALUD Y CI;Y CIA LTDA;13407;;;;;
9000337527;UNIVER PLUS S A;;13426;;;;;
9000341318;ESE MORENO Y CLAVIJO;;13441;;;;;
9000345381;CEMPREC S A S;;13451;;;;;
9000365531;E S E HOSPITAL SAN ANTONIO DEL TEQUENDA;UENDAMA;13457;;;;;
9000366959;INTENSIVISTAS MRC IPS S A;;13460;;;;;
9000373531;ONCOMEDICAL I P S S A S;;13465;;;;;
9000457101;EMPRESA SOCIAL DEL ESTADO DE PRIMER NIVE;NIVEL DE ATENCION HOSPITAL ISABEL CELIS;13509;;;;;
9000480407;EMPRESA SOCIAL DEL ESTADO HOSPITAL LOCAL;LOCAL DE CUBARRAL;13516;;;;;
9000521489;CXAYUCE JXUT EMPRESA SOCIAL DEL ESTADO;TADO;13539;;;;;
9000545631;UNIDAD DE CUIDADOS INTENSIVOS NEONATAL D;TAL DEL BAJO SINU;13546;;;;;
9000561272;NEONATOLOGOS DE SUCRE LIMITADA;;13559;;;;;
9000579265;MEDYTEC SALUD IPS S A S;;13565;;;;;
9000584434;MEDIKA IPS SAS;;13568;;;;;
9000610489;ESE HOSPITAL NIVEL 1 PUERTO RICO;;13579;;;;;
9000626357;EL PRINCIPIO DE UNA ESPERANZA;;13583;;;;;
9000642504;UNIDAD CLINICA SAN NICOLAS LIMITADA;;13591;;;;;
9000645784;IPS SERVIDOENSALUD S A S;;13592;;;;;
9000662836;CENTRO DE DIAGNOSTICO DERMATOLOGICO SA;SA;13602;;;;;
9000663454;E S E HOSPITAL LOCAL DE PIEDECUESTA;A;13603;;;;;
9000663479;E S E HOSPITAL REGIONAL SAN GIL;;13604;;;;;
9000671366;E S E HOSPITAL REGIONAL DE VELEZ;;13612;;;;;
9000671699;EMPRESA SOCIAL DEL ESTADO HOSPITAL REGIO;REGIONAL DE GARCIA ROVIRA;13616;;;;;
9000690145;VALSALUD SAS;;13623;;;;;
9000714667;IQ INTERQUIROFANOS S A;;13635;;;;;
9000730814;SERVICLINICOS DROMEDICA S A;;13638;;;;;
9000738572;FUNDACION CLINICA INTEGRAL SINCELEJO;O;13650;;;;;
9000756693;PHD SERVICIOS LTDA;;13656;;;;;
9000761619;FUNDACION SOCIAL COOGRANADA;;13659;;;;;
9000764337;CLINOFAM VILLETA S A S;;13661;;;;;
9000775204;EMPRESA SOCIAL DEL ESTADO HOSPITAL LOCAL;LOCAL DE SAN CARLOS DE GUAROA;13665;;;;;
9000816437;EMPRESA SOCIAL DEL ESTADO HOSPITAL MUNIC;MUNICIPAL DE EL DORADO;13686;;;;;
9000817467;FUNDACION GRUPO INTEGRA;;13688;;;;;
9000822027;CLINICA CENTRAL OHL LTADA;;13694;;;;;
9000858829;FUNDACION REHABILITACION INTEGRAL;;13711;;;;;
9000911439;EMPRESA SOCIAL DEL ESTADO PASTO SALUD E;UD E S E;13735;;;;;
9000922266;CLINICA COLOMBIANA DE PROTESIS DENTALES;ALES EU;13739;;;;;
9000941124;CLINICA STELLA MARIS;;13743;;;;;
9000944752;EMPRESA SOCIAL DEL ESTADO MERCEDES TELLE;TELLEZ DE PRADILLA E S E ) HOSPITAL VIA;13747;;;;;
9000968951;REHABILITACION MEDICA INTEGRAL DEL EJE C;EJE CAFETERO RMI SAS;13759;;;;;
9000984768;HOSPITAL INFANTIL UNIVERSITARIO DE SAN J;SAN JOSE;13765;;;;;
9001017360;COOPERATIVA MULTIACTIVA DE SERVICIOS INT;S INTEGRALES GESTIONARBIENESTAR;13798;;;;;
9001082813;LUXOTTICA OF COLOMBIA SAS;;13833;;;;;
9001100741;CLINICA SU VIDA S A S;;13854;;;;;
9001102597;BIOMOLECULAR DIAGNOSTICA LTDA;;13857;;;;;
9001109405;INVERSIONES LUCEDMARB SA;;13862;;;;;
9001117750;DIVERSIFICANDO EN IDEAS Y OPORTUNIDADES;ADES EN SALUD D I O SALUD S A;13870;;;;;
9001126306;UNIDAD OPTOMETRICA DEL DOCTOR JIMENEZ EM;EZ EMPRESA UNIPERSONAL;13879;;;;;
9001128209;CMS COLOMBIA LTDA CORPORACION MEDICA SAL;A SALUD PARA LOS COLOMBIANOS;13881;;;;;
9001134581;EMURACENTER LATINOAMERICA EU;;13885;;;;;
9001164132;IPS UNIONSALUD SAS;;13908;;;;;
9001180841;INSTITUTO COLOMBIANO DE GENETICA Y ONCOL;ONCOLOGIA MOLECULAR LTDA / INCOGEM;13927;;;;;
9001193571;SALUD MEDICOS ESPECIALISTAS S A;;13938;;;;;
9001201957;INTERNATIONAL TELEMEDICAL SYSTEMS COLOMB;OLOMBIA S A ITMS COLOMBIA S A;13942;;;;;
9001211525;HOSPITAL RICAURTE EMPRESA SOCIAL DEL EST;L ESTADO;13945;;;;;
9001225246;CENTRO DE SALUD MUNICIPAL DE CARTAGO;O;13950;;;;;
9001248748;PROJECTION LIFE COLOMBIA;;13976;;;;;
9001257593;E S E SANTA GERTRUDIS ENVIGADO;;13979;;;;;
9001266765;CENTRO DE SALUD SAN MIGUEL ARCANGEL DE O;DE OSPINA ESE;13987;;;;;
9001272119;E S E CENTRO HOSPITAL SAN JUAN BAUTISTA;TISTA;13993;;;;;
9001275256;CICLO VITAL COLOMBIA LIMITADA;;13995;;;;;
9001282310;CLINICA MIRAMAR S A;;13998;;;;;
9001286551;CENTRO DE SALUD FUNES E S E;;14000;;;;;
9001292963;EMPRESA SOCIAL DEL ESTADO CAYETANO MARIA;MARIA DE ROJAS;14003;;;;;
9001304804;VER BIEN IPS;;14012;;;;;
9001306714;CAD PSICOTERAPEUTICO Y REEDUCATIVO SAN R;SAN RAFAEL SAS;14014;;;;;
9001344977;E S E CENTRO DE SALUD NUESTRA SENORA DE;RA DE FaTIMA;14038;;;;;
9001349369;MANTILLA SILVA S A S;;14043;;;;;
9001352406;IPS CENTRO MEDICO SANTA MARIA LIMITADA;ADA;14046;;;;;
9001356763;E S E CENTRO DE SALUD SAN MIGUEL;;14053;;;;;
9001368653;EMPRESA SOCIAL DEL ESTADO HOSPITAL REGIO;REGIONAL DEL MAGDALENA MEDIO;14062;;;;;
9001381046;CORPOALEGRIA;;14074;;;;;
9001388154;UNIDAD MATERNO INFANTIL DEL TOLIMA S A;S A;14089;;;;;
9001398252;CENTRO MEDICO SAN JOSE CACHIPAY E U;;14091;;;;;
9001422824;FUNDACION CLINICA LETICIA;;14115;;;;;
9001424465;E S E CENTRO DE SALUD DE LOS ANDES;;14116;;;;;
9001425796;E S E CENTRO DE SALUD VIRGEN DE LOURDES;URDES;14117;;;;;
9001429996;EMPRESA SOCIAL DEL ESTADO SANTIAGO APOST;APOSTOL E S E;14121;;;;;
9001455729;EMPRESA SOCIAL DEL ESTADO ESE SUR ORIEN;ORIENTE;14138;;;;;
9001455791;EMPRESA SOCIAL DEL ESTADO POPAYAN E S E;S E;14139;;;;;
9001455854;EMPRESA SOCIAL DEL ESTADO TIERRADENTRO E;TRO ESE;14141;;;;;
9001457678;ESE SUR OCCIDENTE;;14145;;;;;
9001460066;EMPRESA SOCIAL DEL ESTADO ESE NORTE 2;2;14146;;;;;
9001460106;EMPRESA SOCIAL DEL ESTADO NORTE 1 E S E;S E;14147;;;;;
9001463322;CLINICENTRO DE REHABILITACION CARDIACA Y;ACA Y PULMONAR LTDA;14150;;;;;
9001464384;EMPRESA SOCIAL DEL ESTADO NORTE 3 ESE;ESE;14152;;;;;
9001464718;EMPRESA SOCIAL DEL ESTADO CENTRO 2 E S E;E S E;14153;;;;;
9001479594;EMPRESA SOCIAL DEL ESTADO CENTRO DE SALU;SALUD TIMOTEO RIVEROS CUBILLOS;14165;;;;;
9001482656;ANGIOGRAFIA DE COLOMBIA SAS;;14167;;;;;
9001488949;UNIDAD CARDIOLOGICA LTDA;;14170;;;;;
9001503106;INVERSIONES DE SERVICIOS ESTETICOS LTDA;LTDA;14179;;;;;
9001527717;REHABILITDEMOS LTDA;;14194;;;;;
9001529831;SABER VIVIR SABANA SAS;;14195;;;;;
9001543611;E S E CENTRO DE SALUD DEL TABLON DE GOM;E GOMEZ;14206;;;;;
9001570167;REHABILITAR I P S VILLAVICENCIO;;14218;;;;;
9001597149;CENTRO NEUROPSICOLOGICO MARTHA LUCiA MIR;A MIRANDA S A S;14225;;;;;
9001626886;FORJA EMPRESAS SAS;;14256;;;;;
9001649460;CLINICA PEDIATRICA NINO JESUS LIMITADA;ADA;14274;;;;;
9001686797;IPSMEDIC SAS;;14297;;;;;
9001696096;FUNDACION GENESIS DE COLOMBIA;;14300;;;;;
9001698379;ODONTOMETA LTDA;;14307;;;;;
9001708252;UNIRSALUD LIMITADA;;14319;;;;;
9001712115;GLOBAL LIFE AMBULANCIAS SAS;;14323;;;;;
9001737946;FUNDACION DE IMaGENES DIAGNOSTICAS FID C;FID CARMEN CECILIA VALENCIA PENA;14348;;;;;
9001745779;DISAMA MEDIC S A S;;14355;;;;;
9001755694;CARIBBEAN ORTHODONTICS AND DENTAL SPECIA;PECIALITIES LTDA CODES CARIBBEAN;14366;;;;;
9001773404;DENTI SONRIA LTDA;;14384;;;;;
9001776240;ANASHIWAYA IPSI;;14385;;;;;
9001795732;AMBULANCIA RESCATE 467 E U;;14397;;;;;
9001803523;SELECTA ODONTOLOGIA EU;;14400;;;;;
9001814192;MEINTEGRAL S A S;;14409;;;;;
9001818242;FUNDACION PARA LA SALUD Y LA VIDA FUNDAS;UNDASALUD;14417;;;;;
9001819122;INVERSIONES OHV;;14420;;;;;
9001827629;CENTRO CARDIOVASCULAR ARISTIDES SOTOMAYO;OMAYOR SANTA LUCIA SOCIEDAD POR ACCIONES;14422;;;;;
9001868023;ESE HOSPITAL NUESTRA SENORA DE GUADALUPE;ALUPE;14443;;;;;
9001872881;SOCIEDAD INTEGRAL DE ESPECIALISTAS SANTA;SANTA TERESA LIMITADA;14448;;;;;
9001881942;CLINICA CAMPO ABIERTO ORGANIZACIoN SANIT;SANITAS INTERNACIONAL LTDA;14456;;;;;
9001900451;ESE HOSPITAL REGIONAL MANUELA BELTRAN;;14473;;;;;
9001904739;IPS MUNICIPAL DE IPIALES ESE;;14476;;;;;
9001913624;CLINICA DE OFTALMOLOGIA SAN DIEGO;CUCUTA;14488;;;;;
9001924286;ESE HOSPITAL LUIS CARLOS GALAN SARMIENT;MIENTO DE CHARALA;14495;;;;;
9001934931;IPS JAH RAFA S A S;;14512;;;;;
9001946679;ORTODONCIA ESPECIALIZADA DENTIMAX S A S;A S;14521;;;;;
9001962011;PROGRAMA MADRE CANGURO INTEGRAL LTDA;;14533;;;;;
9001963469;ESE HOAPITAL NUESTRA SENORA DEL CARMEN;MEN;14535;;;;;
9001963476;EMPRESA SOCIAL DEL ESTADO HOSPITAL LA DI;LA DIVINA MISERICORDIA;14536;;;;;
9001963666;E S E HOSPITAL SAN ANTONIO DE PADUA;;14537;;;;;
9001964847;CLINICA DEL CUSIANA IPS LTDA;;14539;;;;;
9001968628;SOPORTE VITAL CALI S A S;;14541;;;;;
9002012219;CLINICA ANA LUCIA S A S;;14570;;;;;
9002020342;VIRGELINA CALDERON RAMOS;;14576;;;;;
9002033105;ZAKROS CENTRO VISUAL SAS IPS;;14590;;;;;
9002041712;GENETIK LAB LIMITADA;;14601;;;;;
9002046175;MEDICUC IPS LTDA;;14606;;;;;
9002055917;INSTITUCIoN PRESTADORA DE SERVICIOS DE S;DE SALUD INDiGENA MANEXKA IPSI;14616;;;;;
9002057880;CLINICA UROLOGICA ST. MARTIN DE LA;;14620;;;;;
9002062157;ASISTENCIA CIENTIFICA DE ALTA;;14625;;;;;
9002065911;INVERSIONES D V MASSEY LTDA;;14636;;;;;
9002076842;IPS OCUPACIONAL SANTA CLARA S A S;;6255;;;;;
9002085326;CENTRO DE SALUD DE SAMPUES SUCRE) EMPRE;EMPRESA SOCIAL DEL ESTADO;14647;;;;;
9002085942;MEDICAL ARMONY LIMITADA;;14648;;;;;
9002114605;E S E SOR TERESA ADELE;;14675;;;;;
9002114683;E S E FABIO JARAMILLO LONDONO;;14676;;;;;
9002114771;E S E RAFAEL TOVAR POVEDA;;14677;;;;;
9002116681;CLINICA SANTA TERESITA DEL NINO JESUS S;US S A;14679;;;;;
9002136173;CORPORACION CLINICA;;14700;;;;;
9002149269;CLINICA DE ESPECIALISTAS GUAJIRA S A;A;14705;;;;;
9002159833;CLINICA BELO HORIZONTE;;14717;;;;;
9002176481;HUMANA VITAL S A S;;14728;;;;;
9002186287;CENTRO MEDICO SAN LUIS CLINICA QUIRURGIC;URGICA SOCIEDAD EN COMANDITA;14736;;;;;
9002193223;CLiNICA ODONToLOGICA ESPECIALIZADA DENTI;DENTISONRISA S A S;14749;;;;;
9002197652;IPS SALUD ANTIOQUIA LTDA;;14756;;;;;
9002211651;CLINISALUD CLINICAS EN SALUD E U;;14782;;;;;
9002216629;SALUD & ACOMPANAMIENTO INTEGRAL AMBULATO;ULATORIO Y DOMICILIARIO LTDA;14788;;;;;
9002231089;ORTHOESTETIK IPS E U;;14808;;;;;
9002237491;FUNDACION UNIDAD DE CUIDADOS INTENSIVOS;;14812;;;;;
9002289893;CLINICA SANTA SOFIA DEL PACIFICO LTDA;DA;14847;;;;;
9002294381;COMPANiA VITAL DE COLOMBIA S A S;;14852;;;;;
9002318294;IPS YENNY ZORAYA SALAZAR M. S.A.S.;;14867;;;;;
9002342740;FUNDACION INSTITUCION PRESTADORA DE SERV;SERVICIOS DE SALUD DE LA UNIVERSIDAD DE;14892;;;;;
9002378127;PREVICARE LTDA;;14928;;;;;
9002390161;FUNDACION PARA LA INVESTIGACION CLINICA;;14937;;;;;
9002396739;CENTRO MeDICO SINAPSIS IPS S A;;14942;;;;;
9002400186;LOS COMUNEROS HOSPITAL UNIVERSITARIO DE;O DE BUCARAMANGA;14944;;;;;
9002403546;ODONTOCLINICAS MR S A;;14954;;;;;
9002412757;CLINICA ODONTOLOGICA DE BOYACA E U;;14968;;;;;
9002414484;CARDIOLOGIA DIAGNOSTICA DEL NORTE S A S;A S CARDINOR S A S;14970;;;;;
9002417654;CUIDARTE TU SALUD SAS;;14972;;;;;
9002427421;FABILU LTDA;;14980;;;;;
9002437528;CENTRO NACIONAL DE ENDOCRINOLOGIA Y META;METABOLISMO S A CENDEM S A;14990;;;;;
9002442030;CLINICA NEUROREHABILITAR LTDA;;14996;;;;;
9002442578;ENDODIAGNOSTICO SAS;;14998;;;;;
9002462663;MEDICINA Y SERVICIOS GERIATRICOS IPS LTD;S LTDA;15012;;;;;
9002463131;IPS INTEGRAL SOMOS SALUD SAS;;15014;;;;;
9002471907;HACES INVERSIONES Y SERVICIOS SAS;;15020;;;;;
9002479450;CLINICA SANTA CECI LTDA;;15026;;;;;
9002480935;ENDOSALUD DE OCCIDENTE S A;;15030;;;;;
9002488821;CLINICA PORTOAZUL S.A;;15034;;;;;
9002543959;ULTRASONIDO VASCULAR S A S CON SIGLA UL;LA ULVASC S A S;15078;;;;;
9002558320;SUMEDICO LTDA;;15092;;;;;
9002594215;EMMANUEL INSTITUTO DE REHABILITACION Y H;N Y HABILITACION INFANTIL S AS;15110;;;;;
9002613539;FUNDACION HOSPITAL SAN VICENTE DE PAUL R;AUL RIONEGRO;15134;;;;;
9002670642;CLINICA BAHIA;;15202;;;;;
9002679401;JEMARZ S A S;;15212;;;;;
9002680948;AYUDA MEDICA TERRITORIAL EN AMBULANCIAS;CIAS AYMEDT AMBULANCIAS LTDA;15214;;;;;
9002690293;FUNDACION CENTRO COLOMBIANO DE EPILEPSIA;EPSIA Y ENFERMEDADES NEUROLOGICAS;15220;;;;;
9002725826;CLINICA SAN JUAN BAUTISTA S A S;;15248;;;;;
9002727729;UNIDAD MATERNO INFANTIL SANTA ANA S A S;A S;15252;;;;;
9002733720;FAMI SALUD IPS LTDA;;15258;;;;;
9002742687;CLINICA OFTALMOLOGICA DEL TOLIMA S A S;A S;15270;;;;;
9002746601;INSTITUTO COLOMBIANO DEL DOLOR S A S;S;15272;;;;;
9002776304;CLINICA MARYBAU LA LOMA LTDA;;15299;;;;;
9002780618;SOY TU SALUD LTDA;;15305;;;;;
9002796604;PROMOTORA BOCAGRANDE S A PROBOCA S A;A;15322;;;;;
9002809087;CENIC S A S;;15332;;;;;
9002824393;FUNDACION AMIGA DEL PACIENTE;;15351;;;;;
9002831949;EMPRESA SOCIAL DEL ESTADO CENTRO DE SALU;SALUD SAN FRANCISCO DE SALES;15357;;;;;
9002855507;RETO REHABILITACION TOTAL S A S;;15373;;;;;
9002910399;FAMILY HOME CARE S A S;;15382;;;;;
9002912301;CENTRO DE ATENCION REINA MARIA LTDA;;15389;;;;;
9002924887;INSTITUTO DE OSTEOPOROSIS DE LOS LLANOS;ANOS;15407;;;;;
9002933006;CLINICA CEDIMEC SAS;;15414;;;;;
9002963697;CENTRO DE ATENCION FAMILIAR INTEGRAL S A;L S A S;15459;;;;;
9003048987;URPECV S A S;;15511;;;;;
9003049580;SOCIEDAD SAN JOSE DE TORICES S A;;15512;;;;;
9003054061;EMPRESA ASOCIATIVA DE TRABAJO;;15515;;;;;
9003062916;CARDIOLOGOS DEL CAFE SAS;;15529;;;;;
9003079878;VITAL MEDICAL CARE VIMEC S A S;;15542;;;;;
9003080071;PASSUS IPS TALLER PSICOMOTRIZ S A S;;15543;;;;;
9003141271;ODONTOCARITAS LTDA;;15600;;;;;
9003143015;SALUD VITAL DEL HUILA;;15603;;;;;
9003181531;INSTITUTO COLOMBIANO PARA EL AVANCE DE L;DE LA MEDICINA SANTANDER SAS;15634;;;;;
9003201006;UNIDAD DE IMaGENES AVANZADAS S A S;;15653;;;;;
9003209588;CENTRO DE ANALISIS VISUAL ARMENIA SAS;AS;15660;;;;;
9003273390;UNIDAD DE ATENCION DOMICILIARIA INTEGRAL;EGRAL EN SALUD LTDA;15703;;;;;
9003282713;HEMATO ONCOLOGOS ASOCIADOS SA;;15709;;;;;
9003283238;MIOCARDIO SAS;;15710;;;;;
9003287721;CLINICA GENERAL DE LA 100 SAS Y PODRA AN;RA ANUNCIARSE CON LAS SIGLAS CLINI100 SA;15716;;;;;
9003304160;CORPORACIoN COMFENALCO VALLE UNIVERSIDAD;SIDAD LIBRE;15738;;;;;
9003307520;FUNDACION FOSUNAB;;15739;;;;;
9003390968;OPTICA PRECISA S A S;;15795;;;;;
9003418067;IPS ASSOT S A S;;6243;;;;;
9003422743;SERVICIO DE AMBULANCIAS DEL CASANARE E U;E E U;15827;;;;;
9003433452;UNIDAD DE SALUD Y CUIDADOS DE ALTOS RIES;RIESGOS JAP LTDA;15838;;;;;
9003457651;EMPRESA MULTIACTIVA DE SALUD;;15855;;;;;
9003484161;MEDICINA DOMICILIARIA DE COLOMBIA SAS;;15875;;;;;
9003492594;ALIANZA MEDICA INTEGRAR SAS;;15895;;;;;
9003531079;UNIDAD MEDICA ONCOLOGICA S A S;;15932;;;;;
9003532693;ARTE Y SONRISA SALUD ORAL LTDA;;15934;;;;;
9003578920;FEC CLINICAS ODONTOLOGICAS SAS;;15983;;;;;
9003636739;SINERGIA GLOBAL EN SALUD SAS;;16038;;;;;
9003702181;OPTICA VISION GALLERY SAS;;16101;;;;;
9003716130;INVERSIONES MEDICAS DE LOS ANDES S A S;A S;16114;;;;;
9003759735;DENTALIST S A S;;16148;;;;;
9003760546;DIGIDENT BOGOTA LIMITADA;;16149;;;;;
9003778474;I P S SER ASISTENCIA Y TRANSPORTE PARA D;ARA DISCAPACITADOS SAS CON SIGLA SER SAS;16159;;;;;
9003837463;BIENSA SAS;;6244;;;;;
9003862290;FUNDACIoN MILLER;;16229;;;;;
9003865912;GYO MEDICAL I P S S A S;;16232;;;;;
9003881062;CLINICA NACIONAL DE PROTESIS DENTAL S A;S A S;16243;;;;;
9003881625;FACIL REIR UNIDADES DE ESTETICA DENTAL S;TAL S A S;16244;;;;;
9003904239;PROMOTORA CLINICA ZONA FRANCA DE URABA S;ABA SAS;16255;;;;;
9003916191;IPS NUESTRA SENORA DE FATIMA SAS;;16260;;;;;
9003958463;SERVICIOS VIVIR S A S;;16299;;;;;
9004071484;LAFAM SAS;;16372;;;;;
9004082201;NUEVA CLINICA SAGRADO CORAZON S A S;;16383;;;;;
9004087076;REHAFINT REHABILITACION FISICA INTEGRAL;EGRAL IPS SAS;16389;;;;;
9004107929;CLINICA POZO DONATO DE TUNJA SAS;;16412;;;;;
9004124441;ORTHOHAND S A S;;16426;;;;;
9004127602;AMBULANCIAS PROYECTAR SAS;;16433;;;;;
9004149457;AGUILAR MENDEZ RIONEGRO S A S;;16453;;;;;
9004153825;UCI ADULTOS LAS MERCEDES DE COROZAL;;16456;;;;;
9004207511;SPORT MEDICAL CENTER IPS GUSTAVO PORTELA;LA SAS;16506;;;;;
9004218956;FUNDACIoN CLINICA DEL NORTE;;16516;;;;;
9004286011;SOLUCIONES INTEGRALES EN CITOLOGIA Y PAT;Y PATOLOGIA SAS PUDIENDO UTILIZAR LA SIG;16583;;;;;
9004315470;CLINICA SALUD ORAL CARIBE S A S;;16612;;;;;
9004315503;CLINICA LA VICTORIA SAS;;16613;;;;;
9004340781;ORGANIZACIoN CLiNICA SANTA TERESA SAS;AS;16639;;;;;
9004381383;IPS SANO Y NATURAL S A S;;16688;;;;;
9004403655;OPTICA CLINICA DE CIRUGIA OCULAR SAS;S;16714;;;;;
9004428544;IPS MEDIC GINEBRA S A S;;16729;;;;;
9004430701;CENTRO DE REHABILITACION Y FISIOTERAPIA;APIA LQM SAS;16732;;;;;
9004485593;MEDIGLOBAL IPS SAS;;16764;;;;;
9004603224;NUEVA CLiNICA COROZAL S A S;;16853;;;;;
9004653194;OINSAMED S A S;;16894;;;;;
9004674184;CENTRO ESPECIALIZADO DEL SUENO S A S;S;16919;;;;;
9004706429;MEDICAL DUARTE ZF SAS;;16946;;;;;
9004775257;CENTRO DE DIAGNOSTICO OCUPACIONAL;;6237;;;;;
9004835591;DUETICA SAS;;17032;;;;;
9004897651;UNIDAD DE ESTETICA DENTAL FACIL REIR S;EIR SINCELEJO S A S;17076;;;;;
9004919828;EQUIPO INTERDICIPLINARIO PARA EL MEJORAM;JORAMIENTO DE LA CALIDAD DE VIDA DE LA S;6253;;;;;
9004928150;UNIDAD MATERNO INFANTIL TALAPUIN SAS;;17113;;;;;
9004972154;FUNCION Y ESTETICA ODONTOLOGICA;;17149;;;;;
9005016390;GALENUS SALUD INTEGRAL IPS SAS;;17186;;;;;
9005031249;INSTITUTO NEUMOLOGICO DE CORDOBA;;17198;;;;;
9005042653;PROYECTAR SALUD SAS;;17206;;;;;
9005078348;IPS INDIGENA TRAPECIO AMAZoNICO;;17225;;;;;
9005087036;AMES SAS IPS;;17231;;;;;
9005130046;DENTOIMAGENES SAS;;17268;;;;;
9005133065;FUNDACION MARIA REINA;;17273;;;;;
9005187590;CLINICA RENACER EQUILIBRIO NATURAL S A S;S A S;17313;;;;;
9005202937;FUNDACIoN UNIONVIDA FUNVIDA;;17330;;;;;
9005205014;TOLIMEDICA SAS;;17334;;;;;
9005321733;SORING CLINICA DE HERIDAS Y MEDICINAS AL;AS ALTERNATIVAS SAS;17412;;;;;
9005325474;PRODENTAL SONRIE YA S A S;;17429;;;;;
9005384918;ASISTENCIA INTEGRAL EN CASA ASSISTIRTE S;RTE SAS;17490;;;;;
9005422164;INTEGRAL MEDICAL CENTER DEL CARIBE S A S;S A S INTECE S A S;17522;;;;;
9005429842;ALVARADO SILVA ORTODONCISTA LTDA ALVAR;ALVARADO SILVA ODONTOESTETIK;17529;;;;;
9005446886;NEURONABEBE SAS;;17541;;;;;
9005525390;SOCIEDAD UNIDAD INTEGRAL DE SALUD MENTAL;ENTAL SION SAS;17593;;;;;
9005537528;CLINICA DE FRACTURAS TAYRONA IPS SAS;S;17604;;;;;
9005582250;CLINICA ODONTOLOGICA MOSQUERA Y JARAMILL;AMILLO S A S;17634;;;;;
9005585950;FUNDACION MEDICA CAMPBELL;;17642;;;;;
9005594402;IPS MEDIFARMA S A S;;17651;;;;;
9005703795;ARTDENT ODONTOLOGIA ESPECIALIZADA;;17729;;;;;
9005718871;CALMEDICAS S A S;;17740;;;;;
9005817029;CLINICA DE URGENCIAS BUCARAMANGA S A S;A S;17803;;;;;
9005825897;UNIDADES DIAGNOSTICAS ESPECIALIZADAS SAS;;17808;;;;;
9005825983;ADMINISTRADORA CLINICA;;17809;;;;;
9005830045;UNIDAD DE DIAGNOSTICO Y REHABILITACION C;ION CARDIOPULMONAR CREER S A S;17814;;;;;
9005841180;CENTRO DE COLOPROCTOLOGIA Y;ENDOSCOPIA S A S;17826;;;;;
9005904362;OPTICA 20/20 VISUAL CENTER S A S;;17883;;;;;
9005946453;PROENSO SAS;;6257;;;;;
9005950561;ASISTENCIA Y ASESORIAS INTEGRALES EN SAL;N SALUD OCUPACIONAL SAS;6235;;;;;
9005968276;UCI NUESTRA SENORA DE FATIMA S A S;;17941;;;;;
9005992460;IPS CONSULTORIO ODONTOLOGICO INTEGRAL LE;AL LETICIA S A S;17965;;;;;
9006005509;INVERSIONES MEDICAS BARU SAS;;17976;;;;;
9006009621;CENTRO DE NEUROESTIMULACION Y NEUROREHAB;REHABILITACION INTEGRAL PROMEMORIA S A S;17979;;;;;
9006010527;UNIDAD PEDIaTRICA SIMoN BOLiVAR IPS SAS;SAS;17980;;;;;
9006104947;PROCTOMEDICAL HMZ SAS;;18036;;;;;
9006178586;NEUROCOUNTRY PORTOAZUL SAS;;18084;;;;;
9006253177;CORPORACIoN HOSPITAL INFANTIL CONCEJO DE;JO DE MEDELLiN;18128;;;;;
9006266610;COMPANIA DE APOYO LOGISTICO EN SALUD SAS;D SAS;18137;;;;;
9006270813;INNOVACIoN EN CUIDADO AMBULATORIO Y DOMI;DOMICILIARIO SAS ICAD;18140;;;;;
9006288512;OPTICA VISION E IMAGEN DEL CARIBE S A S;A S;18152;;;;;
9006307083;CLINICA SANTA LUCIA DEL SINU;;18164;;;;;
9006327985;CIREN ABA SAS;;18172;;;;;
9006574918;IPS BEST HOME CARE SAS;;18291;;;;;
9006585870;CODIGO AZUL MEDICINA EN SU HOGAR S A S;;18295;;;;;
9006600013;AMBULANCIAS ANDAR PLUS SAS;;18300;;;;;
9006696013;CENTRO DE DIAGNOSTICO AVANZADO SAS;;18342;;;;;
9006809741;NEUMOVIDA SAS;;18396;;;;;
9006846600;CENTRO DE ATENCION NEUROPSIQUIATRICO DE;O DE OCANA S A S;18407;;;;;
9006894503;CLiNICA TUSALUD INTEGRAL S A S;;18426;;;;;
9006909577;CERTIFICANDO CENTRO DE RECONOCIMIENTO DE;TO DE CONDUCTORES SAS;18433;;;;;
9006910560;IMAGENES DIAGNOSTICAS PARQUE MEDICO SAS;SAS;18434;;;;;
9006911440;IPS ASISTENCIA TERAPEUTICA EN CASA SAS;SAS;18435;;;;;
9006913010;DIAXME S A S;;18436;;;;;
9006916513;OPTICA SILOE CABECERA SAS;;18437;;;;;
9006918029;CARLOS VALLEJO CENTRO DE GINECOLOGIA IPS;A IPS SAS;18439;;;;;
9006919951;GNOSTIKA S A S SIGLA GNOSTIKA S A S;;18440;;;;;
9006921019;AUDIOVISION DEL VALLE SAS;;18441;;;;;
9006937700;MEDICAL LIFE CARE S A S;;18444;;;;;
9006938501;IPS SURESALUD S A S;;18445;;;;;
9006939889;CENTRO DE SALUD COSTA NORTE IPS SAS;;18446;;;;;
9006949400;SYSO CONSULTORES SAS;;18449;;;;;
9006950243;MEDICSALUD IPS S A S;;18450;;;;;
9006950780;FUNDACION ESCUELA DE NEGOCIOS FUNEG);EG);18451;;;;;
9006955584;SALUD ACTIVA DE IBAGUE S A S;;18452;;;;;
9006960651;JOFECAD SAS;;18453;;;;;
9006961389;MATERNUS REPRODUCCIoN HUMANA S A S;;18454;;;;;
9006962212;FISIOSALUD FMC S A S;;18455;;;;;
9006962853;CLINICA ODONTOLOGICA ORTHOESTETICA DENTA;DENTAL SAS;18456;;;;;
9006965080;CENTRO MEDICO REDIMIR DEL CARIBE PARA LA;RA LA REHABILITACION Y DESINTOXICACION S;18458;;;;;
9006965715;CENTRO MEDICO FAST SAS;;18459;;;;;
9006966150;EKILIBRARTE SAS SIGLA: EKILIBRARTE IPS;E IPS SAS;18460;;;;;
9006967301;HOME CARE IPS CENTRO ESPECIALIZADO EN;O EN MEDICINA DOMICILIARIA;18461;;;;;
9006967592;CENTRO DE REHABILITACION EL ROSARIO IPS;IPS SAS;18462;;;;;
9006968891;IPS PATRICIA SANTOS DE AVILA S A S;;18463;;;;;
9006978667;ORTHODONTY S A S;;18464;;;;;
9006980602;IPS DEL CARIBE COL S A S;;18465;;;;;
9006981893;PARCONT S A S;;18466;;;;;
9006983915;SERVICIOS DE SALUD EN CASA S A S SERMI;SERMISALUD S A S;18467;;;;;
9006985373;IPS H&L SALUD SAS;;18468;;;;;
9006985825;SALUDTEST IPS SAS;;18469;;;;;
9006987197;ORAL BRACKETS BUGA S A S;;18470;;;;;
9006988608;BEAUTY IN MOTION SAS;;18471;;;;;
9006990868;CLINICA PALMA REAL S A S;;18473;;;;;
9006993174;ANGELFARMA IPS S A S;;18475;;;;;
9006993491;SALUD INTEGRAL DE COLOMBIA IPS SAS;;18476;;;;;
9006993593;NEUROMEDICA SAS;;18478;;;;;
9006995307;ORTHOMED SAS;;18480;;;;;
9007019924;SERVICIOS QUIRURGICOS DE CABEZA Y CUELLO;UELLO SAS;18488;;;;;
9007029818;CLINICA CENTENARIO S.A.S;;18494;;;;;
9007032729;IPS SALVAR 24H SAS;;18500;;;;;
9007181726;CLINICA INTERNACIONAL DE ALTA;;2000025140;;;;;
9007217339;CENTRO DE REHABILITACION Y TERAPIAS INTE;INTEGRALES SAS;18565;;;;;
9007278524;FRANCONEIRA IPS S A S;;18582;;;;;
9007503331;EMPRESA SOCIAL DEL ESTADO DEL ORDEN DEPA;DEPARTAMENTAL HOSPITAL NUESTRA SENORA D;18709;;;;;
9007535630;U + MOVIL CLINICAL ATTENTION GROUP IPS S;IPS SA SIGLA U+MOVIL IPS SA;18722;;;;;
9007585737;NORDVITAL IPS SAS;;18737;;;;;
9007686870;LABORATORIO CLiNICO Y SALUD OCUPACIONAL;ONAL EDUARDO FERNaNDEZ SAS;6256;;;;;
9007711476;ANGIOHEALTHY IPS SAS;;18812;;;;;
9007713497;CLINICA DESA CALI;;18814;;;;;
9007718181;MEDINISTROS CENTRO AUDITIVO IPS SAS;;18817;;;;;
9007818817;UNIDAD DE DIAGNOSTICO NEUROFISIOLOGICO I;ICO IPS S A S UDINE;18873;;;;;
9007851635;SOCIEDAD MEDICO Y DIAGNOSTICA SAS IPS;IPS MEDICARE SAS;18889;;;;;
9007907215;FUNDACION REHABILITACIoN INTEGRAL ESPECI;SPECIALIZADA;18906;;;;;
9008071269;CLINICA REINA ISABEL SAS;;18973;;;;;
9008152554;CENTRO CLINICO VERUTTI S A S;;6236;;;;;
9008210047;CARDIOPULMONAR S A S;;19024;;;;;
9008282020;MEDICINA INTEGRATIVA ESPECIALIZADA SANTA;SANTA LAURA IPS SAS;19044;;;;;
9008471403;UNIDAD DE GASTROENTEROLOGIA Y ECOENDOSCO;DOSCOPIA UGEC SAS;19085;;;;;
9008483404;CLINICA CENTRAL DEL QUINDIO SAS;;19089;;;;;
9008498090;QUIRoN UNIDAD MeDICA SAS;;19096;;;;;
9008508347;CLINICA NUEVA DE CARTAGO SAS;;19098;;;;;
8001466370;OBGYN S A S;;9385;;;;;
8600210720;FUNDACION PARA EL NINO SORDO ICAL;;12446;;;;;
8901117977;CENTRO MEDICO 54 SAS;;12613;;;;;
9001354197;IMAX SERVICIOS ODONTOLOGICOS LTDA;;14049;;;;;
9001700447;ADQUIRIR VIDA S A S;;14310;;;;;
9001962011;PROGRAMA MADRE CANGURO INTEGRAL LTDA;A;14534;;;;;
9002022901;AUDIOSALUD INTEGRAL LTDA VILLAVICENCIO;CIO;14581;;;;;
8000653962;INSTITUTO DE DIAGNoSTICO MEDICO S A ID;IDIME S A;9159;;;;;
8300271583;RIESGO DE FRACTURA S A;;11674;;;;;
8301126255;GENETICA MOLECULAR DE COLOMBIA LTDA;;12013;;;;;
9002109816;CORPOR HOSPITALARIA JUAN CIUDAD;;39237;;;;;
9002109816;CORPOR HOSPITALARIA JUAN CIUDAD;;39238;;;;;
9002191202;VIVA 1 A IPS SA;;39289;;;;;
9002198668;MEDICARTE SAS;;14759;;;;;
9002373751;FUNDACION CIRUBOSQUE;;2000010022;;;;;
8300852682;UNION TEMPORAL PROGRAMA MADRE CANGURO;;2000006726;;;;;
8301381683;UNION TEMPORAL LAURA ALEJANDRA;;4983;;;;;
8301381716;UNION TEMPORALUNION MEDICA;;4984;;;;;
9001645934;UNION TEMPORAL SOUVIMEDICAL;;4985;;;;;
9001929137;H UNION TEMPORAL MISION VITAL;;4986;;;;;
9005543291;UNION TEMPORAL UNICAL;;4987;;;;;
9006041608;UNION TEMPORAL ALIANZA CEMEV INTEGRAL;;4988;;;;;
9007434679;UNION TEMPORAL ENFETERCLINICOS UT;;4989;;;;;
9007751435;UNION TEMPORAL DUCOT;;4990;;;;;
9008145371;UNION TEMPORAL ASISFARMA COMPENSAR;;2000007960;;;;;
9008923772;UNION TEMPORAL COMPENSAR AYDA;JEANNETE ROJAS ROJAS;4992;;;;;
9008969296;UNION TEMPORAL COMPENSAR DIEGO;ERNESTO CASTRO HAIEK;4993;;;;;
9009079643;UNION TEMPORAL COMPENSAR SERVICIOS;DE ATENCION ODONTOLOGICA SEDATO;4994;;;;;
9009101989;UNION TEMPORAL COMPE CIA CLIN DE;ASISTEN ODONTOL SALUD ORAL24 HORAS EU;4995;;;;;
9009141471;UNION TEMPORAL COMPENSAR INSTITUTO;DE DIAGNOSTICO MEDICO IDIME;4996;;;;;
9009187644;UT SOMNOMEDICA CLINICA ESPECIALIZADA EN;;4997;;;;;
9008859392;UNION TEMPORAL COMPENSAR EDUARDO;FRANCISCO PRADOS CONTRERAS;4998;;;;;
9008923131;UNION TEMPORAL COMPENSAR CARLOS;EDUARDO RANGEL GALVIS S A S;4999;;;;;
9008923346;UNION TEMPORAL COMPENSAR;;5000;;;;;
9008923575;UNION TEMPORAL COMPENSAR;JUAN PABLO LLANO LINARES;5001;;;;;
9008987020;UT JOSE MANUEL ROZO CASAS COMPENSAR;;5002;;;;;
9008987235;UNION TEMPORAL IPS SOMHER SAS;;5003;;;;;
9008987314;UT IPS SOCIEDAD MEDICA INTEGRAL;SALUD SAS COMPENSAR;5004;;;;;
9009017252;UNION TEMPORAL COMPENSAR;NELLY RODRIGUEZ MARTINEZ;5005;;;;;
9009017370;EMDIAGNOSTICA S A S;UNION TEMPORAL COMPENSAR;5006;;;;;
9009037751;UT RIESGO DE FRACTURA SA;;5007;;;;;
9009078351;UNION TEMPORAL COMPENSAR MAURICIO;HUMBERTO CAMACHO FLOREZ;5008;;;;;
9009078430;UNION TEMPORAL COMPENSAR;GERMAN JAVID GONZALEZ MONTEJO;5009;;;;;
9009078921;UNION TEMPORAL COMPENSAR;MANUEL FRANCISCO SIERRA CIODARO;5010;;;;;
9009079191;UNION TEMPORAL COMPENSAR;;5011;;;;;
9009079399;UNION TEMPORAL COMPENASAR GASTROPED Y;DERMATOSOLUCIONES SAS;5012;;;;;
9009087483;UNION TEMPORAL COMPENSAR;EDUARDO SILVA BERMUDEZ;5013;;;;;
9009088009;UNION TEMPORAL COMPENSAR MAURICIO;ENRIQUE RODRIGUEZ VALIENTE;5014;;;;;
9009088180;UNION TEMPORAL COMPENSAR;CARLOS RAUL MELO RAMIREZ;5015;;;;;
9009102156;UNION TEMPORAL COMPENSAR INSTITUTO DE;TUMORES DE LA MUJER TUMORGYNE LTDA;5016;;;;;
9009140846;UNION TEMPORAL COMPENSAR CRUZ ROJA;COLOMBIANA CUNDINAMARCA Y BOGOTA;5017;;;;;
9009141267;UNION TEMPORAL COMPENSAR CEUSA;;5018;;;;;
8600021821;GLOBAL SEGUROS DE VIDA SA;;1000000656;;;;;
9007217994;CODEMCO DENTAL SAS;;6162;;;;;
8605355047;TELECOPER LTDA;;2000006997;;;;;
9009782768;UT MIGUEL EDUARDO COTES PINEDO COMPENSAR;;2000007980;;;;;
9009795695;UT MARTIN EMILIO RODRIGUEZ CARDENAS;COMPENSAR;2000000156;;;;;
8903191933;SIESA;;40093;;;;;
9003779053;OUTSOURCING FARMACEUTICO INTEGRAL;;40052;;;;;
9008468800;ACY CONSULTORES SAS;;6233;;;;;
9008587954;ZADA SALUD OCUPACIONAL SAS;;6249;;;;;
9003962301;INVERSIONES SANGUINO Y SANCHEZ S A;CENTRO MEDICO DE ESPECIALISTAS NATURAL;6254;;;;;
8002149599;DELTA A SALUD SAS BIC;;1000000138;;;;;
8600551227;CLINICA EL BOSQUE LTDA;;2000006950;;;;;
8909006089;ALMACENES EXITO SA;;2000007195;;;;;
9002057074;AMBUPETROL;AMB LIMITADA;2000007687;;;;;
8600161245;CLINICA ZIPAQUIRA SA;;2000006905;;;;;
8600138161;INSTITUTO DE SEGUROS SOCIALES;;2000006898;;;;;
8000535032;PROFESIONALES EN SALUD OCUPACIONAL SAS;;2000005929;;;;;
9001359087;TECNOLOGIA MEDICA DEL CARIBE;TECMECA SA;2000007594;;;;;
9009891925;UNION TEMPORAL;ANGELA MARIA;2000007981;;;;;
9010137840;UNION TEMPORAL EUSALUD S.A;;2000005479;;;;;
8001383191;ASOCIACION COLOMBIANA DE ENFERMOS DE CAN;;2000006001;;;;;
8300394605;OXYMASTER S.A;;2000006668;;;;;
8300286951;ITALDEC E.U.;;2000006661;;;;;
8000607045;KAMEX INTERNATIONAL S A;;2000005932;;;;;
8909241977;ELECTRONICA MEDICA Y CONTROL S.A. EMCO;;2000007223;;;;;
9010337624;UNION TEMPORAL COMPENSAR - ASMEDAN S.A.S;;2000000176;;;;;
8600669427;COMPENSAR CAJA DE COMPENSACION FAMILIAR;;2000000203;;;;;
9008105311;DF MEDIKAL IPS;;2000007959;;;;;
9007291003;CORPORACION INTEGRAL DE MEDICOS ESPECIAL;;2000001200;;;;;
9009675210;MEDITECH NEURO SAS;;2000001199;;;;;
9002343082;GASTROMEDICALL LTDA;;2000015568;;;;;
9010442344;LA SOCIEDAD DE MEDICOS ESPECIALISTAS MED;;2000005427;;;;;
8901074873;SUPERTIENDAS Y DROGUERIAS OLIMPICA S.A;;2000007024;;;;;
8600076477;FEBOR ENTIDAD COOPERATIVA;;1000000977;;;;;
8301099979;OTTO BOCK HEALTHCARE ANDINA S.A.S.;;1000001040;;;;;
9003513227;EVOLUCIA S A S;;1000001083;;;;;
8000005192;CENTROS COOPERATIVOS PARA LA SALUD-;;2000005881;;;;;
8000112228;GERMAN CAICEDO P. Y CIA LTDA.;;2000005889;;;;;
8000123729;HOGAR DE RECUPERACION ENFERMERAS PR;;2000005892;;;;;
8000189090;CENTRO CIENTIFICO DEL DEPORTE.C.C.D;;2000005898;;;;;
8000195949;FUNDACION OMEGA;;2000005899;;;;;
8000263475;UNIDAD MEDICA JAVERIANA S.A.;;2000005906;;;;;
8000305461;ANESA LTDA.;;2000005909;;;;;
8000364824;HOSPITAL CIVIL DE IPIALES;;2000005916;;;;;
8000366164;CLINICA SAN JUAN S.A.;;2000005917;;;;;
8000393647;CLINICA DEL NORTE S.A.;;2000005922;;;;;
8000526321;SOCIEDAD DE AYUDAS DIAGNOSTICAS LTDA.;;2000005928;;;;;
8000616650;HOSPITAL NUESTRA SEÑORA DEL PERPETUO SOC;;2000005934;;;;;
8000645158;ORTOPEDISTAS SANTA FE LTDA;;2000005936;;;;;
8000673005;INSTITUTO MATERNO INFANTIL;;2000005941;;;;;
8000677695;CLINICA URIBE CUALLA S.A.;;2000005943;;;;;
8000750828;MEDICAL SUPPLIES LTDA.;;2000005946;;;;;
8000759996;PHARMACIA  INTER-AMERICAN CORPORATI;;2000005949;;;;;
8000827182;MEDAGRO S.A.;;2000005955;;;;;
8000976506;UNIDAD MEDICA SANTA ISABEL;;2000005963;;;;;
8000981904;CENTRO DE SALUD CASTILLA LA NUEVA;;2000005964;;;;;
8000991274;E.S.E CENTRO DE SALUD RICAURTE;;2000005965;;;;;
8001034710;E.S.E. HOPS. JULIO MENDEZ BARRENECH;;2000005970;;;;;
8001195091;URODINAMIA LTDA.;;2000005975;;;;;
8001218512;CANIR LTDA;;2000005979;;;;;
8001276348;TAXIAERERO DEL ALTO DE MENEGUA - AEROMEN;;2000005984;;;;;
8001281911;PLANSALUD LTDA- Y/O CLINICA SAN LUI;;2000005986;;;;;
8001331595;LABORATORIO DENTAL FERNANDO SIERRA LTDA;;2000005995;;;;;
8001392537;FUNDACION PROPAL;;2000006003;;;;;
8001403949;CIMEDICS;;2000006005;;;;;
8001474727;CLINICA EL NOGAL LTDA;;2000006008;;;;;
8001475843;ORTOPEDICOS FISIOLOGICOS E.U.;;2000006009;;;;;
8001496460;E.S.E. HOSPITAL UNIVERSITARIO DE BARRANQ;;2000006015;;;;;
8001509831;SYNMED QUIRURGICA LTDA;;2000006018;;;;;
8001550925;ASOCIACION COLOMBIANA DE EMPRESAS DE MED;;2000006024;;;;;
8001556331;E.S.E. HOSP. DE CALDAS;;2000006025;;;;;
8001595347;JACOME SAMPER LTDA;;2000006028;;;;;
8001616603;DROGAS S.A.;;2000006031;;;;;
8001633726;SISTEMA DE TRASLADO Y APOYO DIAGNOSTICO;;2000006035;;;;;
8001660528;JUNTA DEFENSA CIVIL CIUDAD JARDIN S;;2000006038;;;;;
8001660692;LAURA ALEJANDRA Y CIA.LTDA.UNI.MED.;;2000006039;;;;;
8001720579;OSMA POTES LTDA - OSPO LTDA;;2000006046;;;;;
8001750526;ORTHESICA LTDA - CENTRO DE ORTOPEDIA Y R;;2000006052;;;;;
8001752174;CLINICA SANTA MARIA;;2000006053;;;;;
8001755763;SISALUD LTDA.;;2000006054;;;;;
8001818730;CLINICA DE ARTRITIS Y REHABILITACIO;;2000006061;;;;;
8001847958;SOCIEDAD MEDICA ASSISTIR S.A.;;2000006064;;;;;
8001892222;CENTRO MEDICO CARLOS ARDILA LULLE;;2000006067;;;;;
8001892301;MEDICAL M & B SAS;;2000006068;;;;;
8001893467;CLINICA GUADALUPE;;2000006069;;;;;
8001974594;CLINICA DE LA AUDICION LTDA;;2000006088;;;;;
8001978296;CLINICA SAN SEBASTIAN Y CIA LTDA.;;2000006090;;;;;
8002019349;E.S.E. HOSP. TUNJUELITO;;2000006097;;;;;
8002020830;CLINICA CARDI;;2000006098;;;;;
8002026750;POLICLINICA EL SOSIEGO COMPANIA LTDA;;2000006100;;;;;
8002046892;ASOCIACION NARCONON COLOMBIA;;2000006103;;;;;
8002079045;SUMA AMBULANCIAS;;2000006105;;;;;
8002099718;SOCIEDAD CESARENSE DE UROLOGIA SAS;;2000006109;;;;;
8002100192;FUNDASER - CLINICA SANTA ISABEL;;2000006110;;;;;
8002109544;AOXITER LIMITADA;;2000006112;;;;;
8002115356;INST.COLOMB.DE.TECNOLOGIA.MEDICA TE;;2000006114;;;;;
8002119549;SERVICIOS PSIQUIATRICOS S.A.SERVIPS;;2000006115;;;;;
8002119651;SERONO DE COLOMBIA LTDA;;2000006116;;;;;
8002174996;E.S.E. HOSP. GARCES NAVAS;;2000006131;;;;;
8002182084;E.S.E. HOSP. EL GUAVIO;;2000006134;;;;;
8002187813;C. DE VIDEOENDOSCOPIA.Y ENF.DIGESTI;;2000006135;;;;;
8002199506;ONCOLOGIA Y RADIOTERAPIA INTEGRAL ASOCIA;;2000006139;;;;;
8002234328;E.S.E. HOSP. DE FONTIBON;;2000006143;;;;;
8002236467;E.S.E. HOSP. EL CARMEN;;2000006144;;;;;
8002239540;E.S.E. HOSP. LA GRANJA;;2000006145;;;;;
8002242071;CORPORACION REHABILITACION TOTAL RETO;;2000006146;;;;;
8002284273;UNIDAD MEDICA EL ROSAL;;2000006152;;;;;
8002314321;E.S.E. HOSP. UNIVERSITARIO DECARTAG;;2000006157;;;;;
8002357831;ESCANER LASER S.A..;;2000006161;;;;;
8002361770;CENTRO MEDICO INTEGRAL CHIA YCIA LT;;2000006162;;;;;
8002437951;SOPORTES TERAPEUTICOS LTDA - SOTERAP;;2000006166;;;;;
8003113651;MINERVA TRADING CIA LTDA.;;2000006184;;;;;
8010044386;CENTRO DE HEMODINAMIA DEL QUINDIO;;2000006192;;;;;
8020013284;GANEM WIENCKE Y CIA S EN CLINICA LA PRAD;;2000006197;;;;;
8020152800;SOUTH MEDICAL CLINIC S.A.;;2000006205;;;;;
8020210239;E.S.E.JOSE PRUDENCIO PADILLA;;2000006210;;;;;
8020250735;HOSPITAL NAZARETH;;2000006214;;;;;
8040066637;INGEMEDICAS SANTANDER LTDA.;;2000006219;;;;;
8040158205;E.S.E. HOSPITAL NUESTRA SRA.DE LA PAZ;;2000006243;;;;;
8050034576;CENTRO MEDICO DEL PARQUE JAMUNDI SAS;;2000006251;;;;;
8050079471;PRIMSALUD EU;;2000006253;;;;;
8050211481;SOLMEDICAL S.A.;;2000006258;;;;;
8050273819;E.S.E. ANTONIO NARINO;;2000006266;;;;;
8050288878;TRANSPORTES ESPECIALES UNO A S.A.S;;2000006269;;;;;
8060005266;CLINICA LA CANDELARIA;;2000006270;;;;;
8060011630;E.S.E HOSPITAL SAN JUDAS TADEO;;2000006272;;;;;
8060013834;CLINICA AMI S.A. - IPS;;2000006273;;;;;
8060037868;UNIDAD MEDICA SANTA LUCIA LTDA;;2000006274;;;;;
8090009055;HOSPITAL PIO X;;2000006313;;;;;
8090052011;GINOBSCOOP;;2000006324;;;;;
8090059825;DAR - CENTRO DE APOYO ESPECIALIZADO LTDA;;2000006329;;;;;
8090063970;INVERSIONES TOLISALUD LTDA;;2000006330;;;;;
8090077638;INVERSIONES MEGASALUD E.U.;;2000006331;;;;;
8090097368;CENTRO NACIONAL DE MEDICINA ALTERNATIVA;;2000006335;;;;;
8100001236;INSTITUTO ONCOLOGICO -ION S.A.;;2000006342;;;;;
8100007955;NUCLEAR DE CALDAS LTDA.;;2000006343;;;;;
8100067178;CENTRO DE ATENCION AMBULATORIO DE OCCIDE;;2000006351;;;;;
8110058032;ESTILO EJECUTIVO SUITES SA;;2000006356;;;;;
8110229981;IMPLATEC S.A.S;;2000006364;;;;;
8110353751;CLINICA HUMANA SALUD IPS;;2000006366;;;;;
8110377001;AMBULANCIAS GRAN SALUD E.U.;;2000006367;;;;;
8110417843;SUPLEMEDICOS S.A.;;2000006370;;;;;
8110462505;FUNDACION DIME DE COLOMBIA;;2000006373;;;;;
8120009341;SINUSALUD IPS D.S.;;2000006379;;;;;
8130024491;OSTEODENSITOMETRIA;;2000006404;;;;;
8130050518;REVIVIR IPS LTDA. CLINICA VALLE DE LA H.;;2000006411;;;;;
8130086012;ORTOPEDICOS ORLECO E.U;;2000006417;;;;;
8130105454;UNIDAD ADMINISTRATIVA ESPECIAL DE SALUD;;2000006421;;;;;
8180006132;E.S.E. HOSPITAL JULIO FIGUEROA VILLA;;2000006462;;;;;
8190042890;INSTITUTO NEUROCIENCIAS DEL CARIBE LTDA.;;2000006483;;;;;
8200008509;CENTRO DE ENFERMEDADES RESPIRATORIAS LTD;;2000006487;;;;;
8200051930;FUNDACION CLINICA UNIVERSITARIA SANTA CA;;2000006529;;;;;
8220067426;CENTRO CARDIOVASCULAR DE LOS LLANOS ORIE;;2000006540;;;;;
8230022311;CLINICA COROZAL Y CIA LTDA.;;2000006547;;;;;
8230049402;DRUG STORE SAS;;2000006553;;;;;
8240062945;CLINICA LA PASTORA LTDA;;2000006572;;;;;
8260021258;ASOCIACION MEDICA FAMILIAR IPS LTDA. ASM;;2000006583;;;;;
8270000340;E.S.E. HOSP. TIMOTHY BRITTON;;2000006590;;;;;
8300008924;CONFIAR SALUD LTDA;;2000006601;;;;;
8300032674;SSIMA SEG. SOCIAL IMAGENES DIAGNOSTICAS;;2000006607;;;;;
8300036321;E.S.E. CENTRO DE SALUD SANTANA;;2000006609;;;;;
8300056651;SERVICIOS PEDIATRICOS INTEGRADOS S.;;2000006613;;;;;
8300069675;RESONACIA MAGNETICA CLINICA S.A.;;2000006614;;;;;
8300074188;UNIDAD HOSPITALARIA METROSALUD;;2000006617;;;;;
8300081575;DIAGNOSTICOS ESPECIALIZADOS S.A. DESA;;2000006619;;;;;
8300082416;CLINICA SAN NICOLAS LTDA;;2000006620;;;;;
8300083682;PROFINSALUD LTDA.;;2000006621;;;;;
8300091935;SURCOE-ASOCIANCION COLOMBIANA DE SORDOCI;;2000006623;;;;;
8300092919;OXITERAPIA LTDA;;2000006624;;;;;
8300096121;ORGANIZACION PAVLOV LTDA;;2000006625;;;;;
8300110926;BIOREFERENCE;;2000006629;;;;;
8300111931;IMAGENES SANTA BARBARA;;2000006630;;;;;
8300134698;SALUD OSEA LTDA;;2000006632;;;;;
8300151678;CIRUFE LTDA;;2000006636;;;;;
8300161633;CLINICA CANDELARIA LTDA.;;2000006638;;;;;
8300165374;COOPERATIVA INTREGRAL W.LORENZ;;2000006639;;;;;
8300171011;ORTOUNO Y CIA LTDA.;;2000006640;;;;;
8300176692;IMAGEN ORAL - CHIA;;2000006642;;;;;
8300177723;REDSALUD - ASOC. COL. COOPERATIVAS;;2000006644;;;;;
8300181435;LICEO VIDA AMOR Y LUZ LTDA.;;2000006645;;;;;
8300184501;VUELOS CHARTER DE AMERICA LTDA;;2000006646;;;;;
8300186239;SOCIEDAD ZULUAGA TOBIAN Y CIALTDA;;2000006647;;;;;
8300188149;IMPLANTES Y COMPONENTES LTDA;;2000006648;;;;;
8300194008;CENTRO TECNICO ORTOPEDICO LTDA.;;2000006649;;;;;
8300205996;SERVIHOSP LTDA;;2000006651;;;;;
8300211300;VIDELMEDICA INTERNACIONAL S.A;;2000006652;;;;;
8300262673;ODONTOLOGIA KENNEDY O.K. LTDA;;2000006657;;;;;
8300267461;I.P.S.POLICLINICO FONTIBON;;2000006658;;;;;
8300298296;SOLUCIONES INTEGRALES VER Y CIA LTDA;;2000006663;;;;;
8300337175;AMBULANCIAS Y OXIGENOS LTDA;;2000006664;;;;;
8300350589;CIAN RUIZ LTDA;;2000006665;;;;;
8300350819;MEDICAL CARE HEALTH SYSTEMS LTDA;;2000006666;;;;;
8300402277;ABC AMBULANCIAS S.A.;;2000006671;;;;;
8300408348;FUNDACION DHARMA;;2000006673;;;;;
8300413950;SIMEDIL LTDA.I.P.S.SERVI.INTEG. MED;;2000006676;;;;;
8300416149;HOSPITAL CENTRAL DE LA POLICIA;;2000006678;;;;;
8300423719;CLINICA DEL NINO J. BEJARANO . S.S.;;2000006679;;;;;
8300435551;RESPIREMOS - INS. DE ENFERMEDADES R;;2000006680;;;;;
8300449684;TRANSPORTE AMBULATORIO MEDICO;;2000006681;;;;;
8300452778;CENTRO PARA LA SALUD INTERIOR E INTEGRAC;;2000006682;;;;;
8300461617;CLINICA DE LA POLICIA;;2000006683;;;;;
8300465801;LINE AIR AMBULANCIAS;;2000006684;;;;;
8300503705;MEJIA REPRESENTACIONES LTDA;;2000006687;;;;;
8300512321;CLINICENTRO CIUDAD SALITRE S.A.;;2000006688;;;;;
8300538226;MEDIGHAN LTDA;;2000006691;;;;;
8300559785;ORTIZ ALBAN LTDA / MEDICINA ESPECIA;;2000006694;;;;;
8300570924;ODINSAS LTDA;;2000006695;;;;;
8300580112;LAB. DE INMUNOLOGIA C. Y DE LA REPR;;2000006697;;;;;
8300597241;EPSYCLINICAS S.A.;;2000006698;;;;;
8300597709;CLINICA CARLOS LLERAS RESTREPO;;2000006699;;;;;
8300643397;ASOCIACION ODONTOLOGICA DE LOS ANDE;;2000006703;;;;;
8300663095;CLINICA GUADALUPE LTDA;;2000006704;;;;;
8300679572;HOSPITAL CENTRAL DE LA POLICIA;;2000006706;;;;;
8300723691;GRUPO RETINA S.A. (CENTRO DE TERAP.;;2000006708;;;;;
8300760703;AMBULANCIAS Y TRANSPORTE MEDICOS ATM;;2000006710;;;;;
8300761631;UROMEDICA SA;;2000006711;;;;;
8300772854;AMBULANCIAS Y SERVICIOS MEDICOS SA;;2000006712;;;;;
8300775977;HOSP. C. FONDOCUENTA SUB. POLICIA N;;2000006714;;;;;
8300794953;CLINICA LA MESA  S.A.;;2000006722;;;;;
8300808435;SOLUCIONES ORTOPEDICAS SAJARA;;2000006724;;;;;
8300853981;TRAUMA ORTOPEDICO LTDA.;;2000006727;;;;;
8300864461;AMBULANCIAS PARTENON LTDA.;;2000006729;;;;;
8300891453;MEDICAL LINE E.U.;;2000006730;;;;;
8300896296;U.T. NUEVA CLINICA FRAY BARTOLOME D;;2000006731;;;;;
8300896669;IDEAS DIA A DIA;;2000006732;;;;;
8300925210;DIAGNOSTICOEUR S.A.S.;;2000006735;;;;;
8300933390;CARDIOLOGIA NOINVASIVA LTDA;;2000006737;;;;;
8300953991;PREVENIR IPS SALUD INTELIGENTE EU;;2000006738;;;;;
8300970290;REPRESENTACIONES J.NISSI LTDA;;2000006740;;;;;
8300977463;FUNDACION GERONTOLOGICA REFUGIO DE LAS C;;2000006741;;;;;
8301059039;CLINICA JULIO SANDOVAL DE SOGAMOSO;;2000006746;;;;;
8301069991;JUNTA REGIONAL DE CALIFICACION DE;;2000006748;;;;;
8301071791;DENTAL GROUP LTDA.;;2000006749;;;;;
8301073766;CORPORACION IPS CRUZ BLANCA;;2000006750;;;;;
8301093124;NUMIXX S.A.S.;;2000006751;;;;;
8301112219;BIOMASTER LTDA;;2000006754;;;;;
8301119294;SOCIEDAD DE SALUD DE BOGOTA S.A.;;2000006755;;;;;
8301167656;PLENITUD EN SALUD LTDA.;;2000006762;;;;;
8301208255;LINEA MEDICA DE AMBULANCIAS SAS;;2000006765;;;;;
8301230737;E.S.E. LUIS CARLOS GALAN . U.H. SAN;;2000006767;;;;;
8301232346;E.S.E. POLICARPA SALAVARRIERA CLINICA CA;;2000006768;;;;;
8301239866;OXIAYUDA LIMITADA;;2000006769;;;;;
8301259113;MEDICAL DISTRIBUCCION C.I. LTDA;;2000006771;;;;;
8301315258;INSTITUTO DE ADAPTACIÓN FISICA Y EDUCATI;;2000006773;;;;;
8301330557;CLINICA SANTA MARIA DEL NOGAL LTDA;;2000006774;;;;;
8301332879;COOPANESA;;2000006775;;;;;
8301334320;MSH S.A. - MANAGEMENT OF SERVICES I;;2000006776;;;;;
8301351357;FUNDACION MEDINTENSIVA;;2000006777;;;;;
8301370444;UCI LAURA ALENJANDRA LTDA;;2000006782;;;;;
8301389173;LOCATEL MASTER COLOMBIA S.A.;;2000006784;;;;;
8301403805;LOCATEL COLOMBIA S.A.;;2000006786;;;;;
8301411321;LOH ENTERPRISES COLOMBIA LTDA;;2000006787;;;;;
8301426697;GLOBAL SERVICE AVIATION LTDA;;2000006789;;;;;
8301434165;ORTHORENT;;2000006790;;;;;
8301439664;TRASMNESIS LTDA;;2000006793;;;;;
8301461141;VEIN CARE OF AMERICA;;2000006794;;;;;
8305010406;CLINICA LOS ANGELES E.U.;;2000006797;;;;;
8305012506;CLINICA MADRE LAURA S.A.S.;;2000006798;;;;;
8305042438;INNOVACIONES MEDICAS LIMITADA;;2000006799;;;;;
8305086106;ALIANZA DE AMBULANCIAS MEDICAS.A;;2000006805;;;;;
8305097574;BIOMEDICA IPS;;2000006807;;;;;
8305101276;IPS CLINICA SANTA CLARA LTDA.;;2000006808;;;;;
8320001092;CORPORACION PARA LA SALUD LTDA. CORPASAL;;2000006815;;;;;
8320014360;CORPORACION EDUCATIVA CANE;;2000006821;;;;;
8320015462;CENTRO MEDICO LUIS Y COMPAÑIALTDA.;;2000006823;;;;;
8320016011;CLINICA LA CALERA S.A.;;2000006824;;;;;
8320041155;UNIDAD MEDICA ORLUZ SAS;;2000006829;;;;;
8320048295;UNIDAD MEDICA EXISALUD IPS;;2000006831;;;;;
8320069672;COOPERATIVA DE TRABAJO ASOCIADO SANTANIT;;2000006832;;;;;
8320100484;UT HOSPITAL CARDIOVASCULAR DEL NIÑO DE C;;2000006836;;;;;
8320104691;CLINICA SAN RAFAEL ARCANGEL;;2000006839;;;;;
8380001664;CLINICA LETICIA;;2000006850;;;;;
8525000189;HOSPITAL JORGE CAMILO ABRIL RIANO;;2000006869;;;;;
8543000163;CENTRO DE SALUD DE TRINIDAD;;2000006870;;;;;
8600023946;LABORATORIOS WYETH INC.;;2000006875;;;;;
8600025405;CLINICA BOGOTAS.A.;;2000006877;;;;;
8600029558;SPECIA;;2000006878;;;;;
8600050408;PARKE DAVIS Y COMPANY;;2000006879;;;;;
8600051081;EXPRESO BOLIVARIANO SA;;2000006880;;;;;
8600073308;CAJA DE COMPENSACION FAMILIAR ASEGURADOR;;2000006885;;;;;
8600073861;UNIVERSIDAD DE LOS ANDES;;2000006888;;;;;
8600077593;COLEGIO MAYOR NUESTRA SEÑORA DEL ROSARIO;;2000006891;;;;;
8600105186;FUNDACION CLINICA DE MATERNIDAD DAVID RE;;2000006894;;;;;
8600143568;FUNDACION DE SERVICIO SOCIAL CARLOS;;2000006900;;;;;
8600159712;INSTITUTO NACIONLA PARA CIEGOS;;2000006904;;;;;
8600168156;E.S.E. HOSP. SAN JUAN DE DIOS. DE Z;;2000006907;;;;;
8600223816;CLINICA LA MERCED LTDA;;2000006912;;;;;
8600229808;CLINICA SANTA ROSA DE LIMA;;2000006913;;;;;
8600261230;COOPERATIVA NACIONAL DE DROGUISTAS;;2000006920;;;;;
8600270735;FUNDACION CLINICA EMMANUEL;;2000006922;;;;;
8600273937;CLINICA SAN JUAN DE DIOS;;2000006923;;;;;
8600387715;CLINICA SANTA ISABEL;;2000006931;;;;;
8600400707;CLINICA BOCHICA LTDA;;2000006937;;;;;
8600419697;FUNDACION UNIDAD SOCIAL SAN LUIS MARIA D;;2000006939;;;;;
8600439893;CLINICA DE CIRUGIA ORTOPEDICA. LTDA;;2000006941;;;;;
8600452981;JUNTA DE DEFENSA CIVIL BARRIOLAS GR;;2000006944;;;;;
8600492062;ORTHOTEX S.A.;;2000006945;;;;;
8600515207;INSTITUTO IDAFE LTDA.;;2000006946;;;;;
8600527333;PRODUCTOS MEDICOS COLOMBIANOS LTDA. PROD;;2000006947;;;;;
8600581657;UNIFRANCO ASOCIADOS LTDA.;;2000006951;;;;;
8600617291;SOCIEDAD MEDICA LTDA. CLINICA. MAND;;2000006953;;;;;
8600658227;BIOMEDICS S.A.;;2000006955;;;;;
9010516307;GNOSTIKA SAS - UNION TEMPORAL COMPENSAR;;2000006960;;;;;
8600688919;CLINICA SOCIAL SAN JUAN BOSCO;;2000006961;;;;;
8600763248;ASOCIADOS HEROT  LTDA.;;2000006966;;;;;
8600781580;CENTRO UROLOGICO Y ODONTOLOGICO LTD;;2000006967;;;;;
8600783018;CRUZ ROJA - S.A.M.U. FACATATIVA;;2000006968;;;;;
8600901042;ALVAREZ QUINTERO E HIJOS LTDA.;;2000006969;;;;;
8601178790;I.S.S - CLINICA SAN PEDRO CLAVER;;2000006972;;;;;
8603515662;SOCIEDAD MEDICO QUIRURGICA LA 100 S.A.;;2000006975;;;;;
8603521198;CARLOS A. JIMENEZ ULTRASONIDO LTDA;;2000006976;;;;;
8603546451;FUNDACION REHABILITACION INTEGRAL FRINE;;2000006977;;;;;
8604015453;RADIOLOGOS 99 LTDA.;;2000006980;;;;;
8605001921;PLANSER LTDA;;2000006981;;;;;
8605033487;OTOINSTRUMED LTDA;;2000006983;;;;;
8605042571;FUNDACION COL.PARA LA NUTRICION INF;;2000006986;;;;;
8605109786;INGEMEDICAL LTDA.;;2000006987;;;;;
8605153385;HOSPITAL SAN JUAN DE DIOS;;2000006989;;;;;
8605193448;DEPARTAMENTO DE RADIOLOGIA Y ULTRASONIDO;;2000006990;;;;;
8605234964;SOCIEDAD MEDICA ZIPAQUIRA LTDA;;2000006991;;;;;
8605282240;FEDERACION NACIONAL DE SORDOS DE COLOMBI;;2000006993;;;;;
8605314746;SERVICIOS MEDICOS ECOVIDA;;2000006995;;;;;
8605324511;NEUROEVOCADOS LTDA;;2000006996;;;;;
8900000705;CLINICA CENTRAL DEL QUINDIO S.A.;;2000006999;;;;;
8900048945;E.S.E. HOSPITAL REGIONAL SEGUNDO NIVEL D;;2000007011;;;;;
8901096403;FEDCO S.A.;;2000007026;;;;;
8901121127;E.S.E. HOSPITAL SAN JORGE DE PEREIRA;;2000007029;;;;;
8902001385;CLINICA BUCARAMANGA CENTRO MEDICO DANIEL;;2000007034;;;;;
8902001425;CLINICA SANTA TERESA S.A.;;2000007035;;;;;
8902009570;E.S.E. HOSP. SAN JUAN DE DIOSSOCORR;;2000007037;;;;;
8902012356;HOSPITAL REGIONAL MAGDALENA MEDIO;;2000007039;;;;;
8902012388;E.S.E. HOSP. SAN RAFAEL.;;2000007040;;;;;
8902014882;E.S.E. HOSP. SAN JUAN DE DIOS- SAN;;2000007041;;;;;
8902015382;E.S.E. HOSP. UNIVERSITARIO RAMON GO;;2000007042;;;;;
8902016841;E.S.E. HOSPITAL SANTO DOMINGO;;2000007044;;;;;
8902046280;E.S.E. HOSP SAN JUAN DE DIOS;;2000007059;;;;;
8902050641;HOSPITAL SAN ROQUE;;2000007063;;;;;
8902054067;HOSPITAL SAN BERNARDO;;2000007066;;;;;
8902081041;CLINICA METROPOLITANA DE BUCARAMANGA S.A;;2000007070;;;;;
8902130652;DROGUERIA LA FUENTE;;2000007078;;;;;
8902700354;E.S.E. HOSPITAL SAN JUAN DE DIOS;;2000007079;;;;;
8903040338;CAJA DE COMPENSACIÓN FAMILIAR DE BUENAVE;;2000007089;;;;;
8903128409;E.S.E. HOSPITAL DEPARTAMENTAL DE BUENAVE;;2000007096;;;;;
8903303482;CLINICA SANTIAGO DE CALI;;2000007100;;;;;
8903990106;UNIVERSIDAD DE VALLE DIRECCION SERVICIOS;;2000007101;;;;;
8904018765;MATERNIDAD BOCAGRANDE LIMITADA;;2000007105;;;;;
8904800205;HOSPITAL BOCAGRANDE S.A.;;2000007107;;;;;
8904800237;CAJA DE COMPENSACION FAMILIAR DE;;2000007108;;;;;
8904801228;E.S.E. NUESTRA SEÑORA DEL CARMEN;;2000007111;;;;;
8904802390;LIGA COLOMBIANA CONTRA LA EPILEPSIA ALFI;;2000007113;;;;;
8906800061;E.S.E. HOSP. SAN RAFAEL DE GIRARDOT;;2000007123;;;;;
8907001635;CLINICA MINERVA S.A.;;2000007131;;;;;
8907013381;CRUZ ROJA COLOMBIANA SECCIONAL TOLI;;2000007142;;;;;
8908001358;CLINICA MANIZALES;;2000007166;;;;;
8908808404;E.S.E. HOSPITAL SAN JUAN DE DIOS;;2000007193;;;;;
8909059918;E.S.E. HOSPITAL ANTONIO ROLDAN BETANCOUR;;2000007209;;;;;
8909119589;INVERSIONES ORTOPEDICOS S.A.;;2000007222;;;;;
8909335559;DENTALES TAURO LTDA.;;2000007227;;;;;
8909800637;E.S.E. HOSPITAL LA CRUZ;;2000007231;;;;;
8911006058;CLINICA NEIVA S.A;;2000007295;;;;;
8911029488;CLINICA CENTRAL DE ESPECIALISTAS;;2000007296;;;;;
8912005691;E.S.E HOSPITAL SAN JOSE;;2000007325;;;;;
8912008694;E.S.E. HOSPITAL SAN FRANCISCO DE ASIS;;2000007328;;;;;
8913800367;E.S.E. HOSPITAL SAN VICENTE DE PAUL;;2000007335;;;;;
8914101365;UNIDAD CLINICA QUIRURGICA CRUZ VERDE S.A;;2000007353;;;;;
8915003146;E.S.E. HOSPITAL NINA MARIA DE CALOTO;;2000007364;;;;;
8915005823;E.S.E. HOSP. SAN FRANCISCO DEASIS;;2000007365;;;;;
8915011438;E.S.E. HOSP. SAN VICENTE DE PAUL;;2000007367;;;;;
8918003261;E.S.E. HOSP. REGIONAL DE GUATEQUE.;;2000007378;;;;;
8918005497;E.S.E. HOSP. REGIONAL SAN SALVADOR;;2000007381;;;;;
8918006401;E.S.E. HOSP. SAN VICENTE DE TENZA;;2000007384;;;;;
8918009167;E.S.E. HOSP. SAN RAFAEL - GUAYATA;;2000007388;;;;;
8918013551;E.S.E. HOSP.  REGIONAL  DE GARAGOA;;2000007390;;;;;
8918014153;CLINICA ESPECILIZADA DE LOS ANDES S;;2000007391;;;;;
8918550865;E.S.E. HOSP. FRUCTUOSO REYES;;2000007395;;;;;
8919002216;E.S.E. HOSP. SAGRADO CORAZON DE JES;;2000007405;;;;;
8920008120;E.S.E. CENTRO DE SALUD DE CUBARRAL;;2000007430;;;;;
8920008541;E.S.E. HOSP. DE CUMARAL;;2000007431;;;;;
8920991129;E.S.E. HOSP. DE RESTREPO META;;2000007434;;;;;
8922800164;E.S.E HOSPITAL LOCAL DE TOLU;;2000007443;;;;;
8999990697;INSTITUTO COLOMBIANO AGROPECUARIO;;2000007460;;;;;
8999990934;CAJA DE PREVISION SOCIAL DE STA FE;;2000007462;;;;;
8999991545;E.S.E. HOSP. SAN ANTONIO;;2000007468;;;;;
8999991735;E.S.E. CENTRO DE SALUD SAN FRANCISCO;;2000007475;;;;;
8999993423;MUNICIPIO DE MOSQUERA;;2000007476;;;;;
8999993881;E.S.E. MUNICIPIO DE UNE CENTRO DE S;;2000007477;;;;;
8999994034;INSTITUTO NACIONAL DE SALUD;;2000007478;;;;;
8999994335;MUNICIPIO DE FUNZA;;2000007479;;;;;
8999997092;ALCALDIA MUNICIPAL DE VIANI;;2000007480;;;;;
9000047340;U.T. CLINICA DE BOGOTA;;2000007484;;;;;
9000112442;COMERCIALIZADORA LA CABAÑA DEL PAÑAL LTD;;2000007494;;;;;
9000261432;PROMED QUIRURGICOS EU;;2000007502;;;;;
9000331431;SERVICIOS DE AMBULANCIAS DEL ORIENTE LTD;;2000007505;;;;;
9000341396;HEALTHY EXPRESS LTDA.;;2000007508;;;;;
9000373966;DESINFECCION A TODA PRUEBA;;2000007512;;;;;
9000412995;SAMBYP LTDA.;;2000007513;;;;;
9000426383;CLINICA DE ESPECIALISTAS DEL AMAZONAS;;2000007515;;;;;
9000479151;AMBULANCIAS PLENITUD LTDA.;;2000007517;;;;;
9000510581;ATENCION MEDICA ESPECIALIZADA S.A.;;2000007519;;;;;
9000576998;SEKKEI LTDA;;2000007524;;;;;
9000677777;CLINICA GLOBAL MEDICAL;;2000007536;;;;;
9000734469;CLINICA PHARMAGENES S.A.;;2000007541;;;;;
9000883473;HOSPITAL REGIONAL SAN GIL;;2000007552;;;;;
9000926695;FUNDACION HOSPEDAJE EL CANEY;;2000007554;;;;;
9000962841;CENTRO DE ATENCION MEDICO 24 HORAS;;2000007557;;;;;
9001009814;CLINICA LA MERCED BUGA;;2000007560;;;;;
9001195729;FUNDACIÓN PARA LA TERCERA EDAD EL CARINO;;2000007574;;;;;
9001231595;CLINICA UNIVERSITARIA SAN JUAN DE DIOS;;2000007578;;;;;
9001334245;CLINICA SUMMA;;2000007589;;;;;
9001398768;COLCHARTER LTDA;;2000007600;;;;;
9001418947;J.E.M. MEDICAL PRODUCTOS ESPECIALIZADOS;;2000007601;;;;;
9001449687;ASISTENCIAS CODIGO DELTA SAS;;2000007606;;;;;
9001487055;ORL-AUDIOLOGIA Y PROTESIS FACIALES EU;;2000007619;;;;;
9001499593;CENTRO DE SALUD TIMOTEO RIVEROS CUBILLOS;;2000007622;;;;;
9001512481;ASOC.COL.DE INTERPRETES PARA SORDOS Y SO;;2000007624;;;;;
9001578915;LINEA MEDICA AMIGA SAS;;2000007629;;;;;
9001591078;D.I.O.SALUD;;2000007630;;;;;
9001626689;EMPRESAS FORJA .;;2000007632;;;;;
9001673275;CLINICA DE LA PENINSULA LTDA;;2000007635;;;;;
9001724162;COOPERATIVA DE TRABAJAO ASOCIADO SANTA M;;2000007641;;;;;
9001771153;INVERSIONES LEAL Y OXIGENOS SAS;;2000007646;;;;;
9001803713;GRUPO CALIDAD LIDERAZGO Y DESARROLLO GCL;;2000007651;;;;;
9001905894;ORTHOCOOP;;2000007661;;;;;
9001940236;IMPLANTES Y CONEXIONES S.A.S.;;2000007665;;;;;
9001941456;RECTA MENTE NEUROFEEDBACK S.A.S;;2000007666;;;;;
9001950248;MEDICAL SERVI A F LTDA;;2000007668;;;;;
9001956974;UNIDAD DE SERVICIOS EMERGENCIA Y TRANSPO;;2000007669;;;;;
9001961154;ORG.CLINICA STA.TERESA DE MAGANGUE;;2000007670;;;;;
9001989428;AMBULANCIA MEDICAL LIFE E.U.;;2000007677;;;;;
9001994231;CLINICA DEL NIÑO PREVIANDES;;2000007678;;;;;
9002088804;C.I.ORTODINAMIC LTDA.;;2000007694;;;;;
9002118346;DISEÑO UNIVERSAL TECNOAYUDAS LTDA;;2000007699;;;;;
9002131244;E.S.E. AMAZON VIDA.;;2000007700;;;;;
9002140108;GOLDEN MEDICAL GROUP COLOMBIA S.A.;;2000007702;;;;;
9002256713;UNIDAD INTEGRAL DE DIABETES OSTEOPOROSIS;;2000007713;;;;;
9002299422;SANAR UNIDAD MEDICA CENTRO DE DIAGNOSTIC;;2000007715;;;;;
9002306143;UNIDAD CLINICA SANTA SOFIA E.U.;;2000007716;;;;;
9002382179;PRORTHOPEDICS LIMITADA;;2000007721;;;;;
9002416656;VITAL AUTOSERVICIOS SA;;2000007728;;;;;
9002424661;CLINICA ODONTOLOGICA ORAL CENTER IPS E.U;;2000007730;;;;;
9002442671;A.AMBULANCIAS EMERGENCIAS IPS LTDA;;2000007734;;;;;
9002466516;CLINICA UNIVERSITARIA CARLOS LLERAS REST;;2000007737;;;;;
9002489376;UNIDAD MEDICA DE ALTA COMPLEJIDAD UNIMAC;;2000007743;;;;;
9002534081;EMERGENCIAS MEDICAS EUROLIFE  LTDA;;2000007744;;;;;
9002613451;INSTITUTO DE NEUROCIENCIAS DE BOYACA I.P;;2000007746;;;;;
9002648637;CORPORACION SKARECOOP;;2000007749;;;;;
9002782352;ASOCIACION COLOMBIANA DE SALUD OCUPACION;;2000007762;;;;;
9002801368;HOSPITAL INTEGRAL MEDIC.COLOMBIA SAS;;2000007764;;;;;
9002836941;FUNDACION CLINICA CARDIOVASCULAR DEL NIÑ;;2000007770;;;;;
9002961787;URGENCIA VITAL DEL CASANARE AEREA Y TERR;;2000007778;;;;;
9003055890;CENTRO DE EQUINOTERAPIA KAANIL S.A.S.;;2000007782;;;;;
9003272195;ORTOMEC SAS;;2000007793;;;;;
9003278551;UNIDAD DE TRAUMA CLINICA SAN FRANCISCO;;2000007795;;;;;
9003295601;NUEVA CLINICA BUENAVENTURA UNIONTEMPORAL;;2000007798;;;;;
9003356912;COMPAÑIA OPERADORA CLINICA HISPANOAMERIC;;2000007801;;;;;
9003405115;ESCANDIGITAL TECNOLOGIA S.A.S;;2000007803;;;;;
9003415261;FUNDACION CARDIOVASCULAR DE COLOMBIA ZON;;2000007804;;;;;
9003553952;CLINICA MEDICAL MARANATA;;2000007814;;;;;
9003559414;LIMEQ  S.A.S.;;2000007815;;;;;
9003687145;RESCATE & EMERGENCIAS MEDICAS S.A.S.;;2000007818;;;;;
9003750527;GRUPO EMPRESARIAL DE SALUD;;2000007821;;;;;
9003772769;SANTA MARIA IPS CONSULTA EXTERNA Y REHAB;;2000007824;;;;;
9003814991;CLINICA SAN JAVIER;;2000007827;;;;;
9003848269;HOGAR GERONTOLOGICO MI DULCE COMPAÑIA SA;;2000007829;;;;;
9003867600;CLINICA CARDIO 100 S.A.S.;;2000007832;;;;;
9003900662;CLINICA ODONTOLOGICA MEJIA VELEZ V.I.P.;;2000007835;;;;;
9003944221;CORPORACION CON ANIMO;;2000007838;;;;;
9003966762;DENTAL VISIONS SAS;;2000007839;;;;;
9003971505;CLINICA SABANA DE OCCIDENTE FACATATIVA S;;2000007840;;;;;
9004184873;UNIDAD DE ESTETICA DENTAL ORTO-FLASH;;2000007849;;;;;
9004185991;PRONTO AMBULANCIAS SAS;;2000007850;;;;;
9004391940;SERVITRAUMAX SAS;;2000007858;;;;;
9004449835;CLINICA ORTHO SMART;;2000007862;;;;;
9004524521;AHARA IPS Y HOME CARE SAS;;2000007864;;;;;
9004530972;D.T. SALUD S.A.S;;2000007865;;;;;
9004579910;MIS IMPLANTS SAS;;2000007866;;;;;
9004760197;TAMARINDO INN;;2000007871;;;;;
9004824495;CENTRO INTEGRAL DE REHABILITACION NEUROL;;2000007872;;;;;
9005079496;INVERIONES JOSEFINA RAMIREZ SAS;;2000007881;;;;;
9005136550;ANCESTROS SAS;;2000007884;;;;;
9005152525;CLINICA INTEGRAL LA ESPERANZA S.A.S;;2000007885;;;;;
9005290569;MEDIFACA IPS SAS;;2000007889;;;;;
9005292107;TRANS HEALTH SAS;;2000007890;;;;;
9005329778;EUROCIENCIA COLOMBIA SAS;;2000007893;;;;;
9005776594;PIEMCA SAS;;2000007905;;;;;
9005898958;SIONHEALTH TECHNOLOGY SAS;;2000007911;;;;;
9006018167;TECH BIONICA SERVICOIS U.T;;2000007918;;;;;
9006195701;H.A.R AMBULANCIAS S A S;;2000007922;;;;;
9006385391;MASTER LCTL SAS;;2000007929;;;;;
9006386099;DISTRIBUIDORA GLX SAS;;2000007930;;;;;
9006536883;UT MEDERI - COLOMBIANA DE TRASPLANTES;;2000007931;;;;;
9006845254;CLINICA ODENTIS 24 HORAS S.A.S;;2000007936;;;;;
9006915475;METABOLICA SAS;;2000007938;;;;;
9007085156;CLINICA ODONTOLOGICA SALUD DENTAL SAS;;2000007941;;;;;
9007085679;LUGEN OPTICS S.A.S;;2000007942;;;;;
9007142971;BALANCE SALUD SAS;;2000007943;;;;;
9007185238;SOLUCIONES DE MOVILIDAD;;2000007944;;;;;
9007416572;ASISTENCIA VITAL INTEGRAL SAS;;2000007947;;;;;
9007451784;ALIANZA FAMILY HOME CARE UT;;2000007948;;;;;
9007826729;EMERGENCY SERVICES ASSISTANCE ESA S A S;;2000007955;;;;;
9008645834;MULTI INVERSIONES Y PROYECTOS SAS;;2000007967;;;;;
9008727304;CENTRO DE ESPECIALISTAS GRUPO VIVE + SAS;;2000007968;;;;;
9008824176;MEDICAL SKY SAS IPS;;2000007969;;;;;
9009320835;RECUPERARTE IPS SAS;;2000007970;;;;;
9009423778;SOPLANDO VIDA FUNDACION SOCIAL;;2000007971;;;;;
9009453700;UNION TEMPORAL CORINTO;;2000007972;;;;;
9009510338;CLINICA CRISTO REY CALI SAS;;2000007973;;;;;
9009585649;SUBRED INTEGRADA DE SERVICIOS;;2000007974;;;;;
9009590484;SUBRED INTEGRADA DE SERVICIOS DE SALUD S;;2000007975;;;;;
9009590517;SUBRED INTEGRADA DE SERVICIOS DE SALUD;;2000007976;;;;;
9009593916;MEDIORTOPEDICOS S.A.S.;;2000007977;;;;;
9009710064;SUBRED INTEGRADA DE SERVICIOS DE SALUD N;;2000007978;;;;;
9009721408;CLINICA DE IMPLANTES DENTALES Y ESPECIAL;;2000007979;;;;;
9010549082;MACRODENT CENTRO DE FRESADO SAS;;1000001396;;;;;
9002663406;SERVICIOS EN SALUD VALMERI LTDA;;2000010113;;;;;
8050315471;INVERSIONES TOSACANA SAS;;2000008882;;;;;
8909800683;CASA DEL BUEN DIOS;;2000008911;;;;;
9004619591;SPACIO BLANCO SPA ODONTOLOGICO SAS;;2000008931;;;;;
9008915133;CLINICA NUEVA RAFAEL URIBE URIBE SAS;;2000008933;;;;;
9010470121;UT JAIME ALBERTO DAVILA MENDOZA;COMPENSAR;2000009561;;;;;
9011478101;UT ROSARIO CATALINA HERNANDEZ VALENZUELA;;2000010683;;;;;
9011464958;UNION TEMPORAL COMPENSAR - FUNDACION SAL;;2000010928;;;;;
9011178411;UNION TEMPORAL COMPENSAR - CLINICA UNIVE;;2000010929;;;;;
9011290416;UNION TEMPORAL SOCIEDAD PEDIATRICA;;2000010930;;;;;
8301296883;PRODUCTOS Y SERVICIOS DENTALES LTDA;;2000010970;;;;;
9011453948;LOS COBOS MEDICAL CENTER SAS;;1000014261;;;;;
9004052981;PROBOCARTE DENTAL GROUPS SAS;;2000012037;;;;;
9010024870;FUNDACION CTIC - CENTRO DE TRATAMIENTO;SARMIENTO ANGULO;2000025820;;;;;
9011919071;ORTHORICH LABORATORIO Y DENTAL SAS;;2000013577;;;;;
9011288012;ROHI IPS SAS;;2000025819;;;;;
9009469481;DISEÑOS ORALES COLOMBIA SAS;;2000024496;;;;;
9010391353;PATRICIA E  ALVAREZ  IPS LCM S.A.S;;2000021672;;;;;
9008331617;MARMOLINA LABORATORIO DENTAL SAS;;2000021674;;;;;
9006991099;ESTHETIC DENT SAS;;2000012711;;;;;
9008104028;REN CONSULTORES SAS;;2000022416;;;;;
9013522495;UNION TEMPORAL CLINICA PALERMO COMPENSAR;;2000023048;;;;;
9011944289;BIKUR JOLIM ATENCION DOMICILIARIA SAS;;1000015343;;;;;
9013522764;UNION TEMPORAL SOY RADIANTE COMPENSAR;;2000023070;;;;;
9013523683;UNION TEMPORAL GASTROSABANA;;2000023069;;;;;
9010709420;UROASSIST SOCIEDAD POR ACCIONES;;2000024142;;;;;
9015238782;UNION TEMPORAL SALUD MENTAL INTEGRAL;;2000023349;;;;;
9015399125;UNION TEMPORAL LA CAROLINA;;2000023091;;;;;
9015571197;UT SMILE EXPRESS DENTAL-COMPENSAR;;2000023093;;;;;
9016226702;UNION TEMPORAL BIKUR JOLIM ATENCION DOMI;;2000023092;;;;;
9016590577;UNION TEMPORAL CLINICA ODONTOLOGICA PROT;;2000023094;;;;;
9010877579;CUIDAR & ASISTIR SAS;;2000022827;;;;;
9016935335;IMÁGENES DIAGNÓSTICAS IMDICOL SAS;;2000025756;;;;;
